MDT_CORRIDOR_ID,SMS_REFPOST_OFFSET,CITY,COUNTY,Month,Year,SMS_TIME,SMT_CRASH_OCC_DAY_OF_WEEK,JUNCTION_RELATED,ROADWAY_RELATED,WEATHER_COND,ROAD_COND,LIGHT_COND,CRASH_SEVERITY,COLLISION_TYPE,LATITUDE,LONGITUDE
C000011N,024+0.579,NOT IN CITY LIMITS,PARK,SEPTEMBER,2017,22:00,SAT,NON-JUNCTION,ROADSIDE RIGHT,CLOUDY,DRY,DARK-NOT LIGHTED,POSSIBLE INJURY ACCIDENT,ROLL OVER,45.30493849,-110.8249946
C000011N,024+0.671,NOT IN CITY LIMITS,PARK,FEBRUARY,2017,10:45,FRI,NON-JUNCTION,ON ROADWAY,CLEAR,DRY,DAYLIGHT,NON-INJURY ACCIDENT (PROPERTY- DAMAGE-ONLY ACCIDENT),LOST CONTROL,45.30603461,-110.8239275
C000011N,024+0.752,,PARK,December,2016,17:30,FRI,NON-JUNCTION,ROADSIDE RIGHT,SNOW,ICE/FROST,DARK-NOT LIGHTED,NON-INJURY ACCIDENT (PROPERTY- DAMAGE-ONLY ACCIDENT),FIXED OBJECT,45.30694294,-110.8230076
C000011N,024+0.932,NOT IN CITY LIMITS,PARK,JULY,2017,10:30,SAT,NON-JUNCTION,ON ROADWAY,CLOUDY,DRY,DAYLIGHT,NON-INJURY ACCIDENT (PROPERTY- DAMAGE-ONLY ACCIDENT),WILD ANIMAL,45.30894547,-110.8206232
C000011N,025+0.003,,PARK,November,2015,12:31,SUN,NON-JUNCTION,ON ROADWAY,CLEAR,DRY,DAYLIGHT,NON-INJURY ACCIDENT (PROPERTY- DAMAGE-ONLY ACCIDENT),WILD ANIMAL,45.3097,-110.81975
C000011N,025+0.282,,PARK,March,2016,12:20,SAT,NON-JUNCTION,ROADSIDE RIGHT,CLOUDY,DRY,DAYLIGHT,POSSIBLE INJURY ACCIDENT,ROLL OVER,45.31337715,-110.8168071
C000011N,025+0.294,NOT IN CITY LIMITS,PARK,JULY,2017,3:30,THU,DRIVEWAY/ALLEY ACCESS RELATED,ROADSIDE LEFT,CLEAR,DRY,DARK-NOT LIGHTED,NON-INCAPACITATING EVIDENT INJURY ACCIDENT,ROLL OVER,45.31298126,-110.8159117
C000011N,025+0.542,,PARK,October,2015,8:20,WED,NON-JUNCTION,ON ROADWAY,CLEAR,DRY,DAYLIGHT,NON-INJURY ACCIDENT (PROPERTY- DAMAGE-ONLY ACCIDENT),WILD ANIMAL,45.31483283,-110.811581
C000011N,025+0.548,NOT IN CITY LIMITS,PARK,JULY,2017,9:45,SAT,NON-JUNCTION,ON ROADWAY,CLOUDY,DRY,DAYLIGHT,NON-INJURY ACCIDENT (PROPERTY- DAMAGE-ONLY ACCIDENT),WILD ANIMAL,45.31490813,-110.8114935
C000011N,025+0.550,,PARK,October,2013,20:20,THU,NON-JUNCTION,ON ROADWAY,CLOUDY,WET,DARK-NOT LIGHTED,NON-INJURY ACCIDENT (PROPERTY- DAMAGE-ONLY ACCIDENT),WILD ANIMAL,45.31488667,-110.8114
C000011N,025+0.561,,PARK,August,2014,19:25,SUN,DRIVEWAY/ALLEY ACCESS RELATED,ON ROADWAY,CLOUDY,DRY,DAYLIGHT,INCAPACITATING INJURY ACCIDENT,"LEFT TURN, SAME DIRECTION",45.3150744,-110.8112952
C000011N,025+0.561,,PARK,August,2016,6:30,SUN,NON-JUNCTION,ON ROADWAY,CLEAR,DRY,DAYLIGHT,NON-INJURY ACCIDENT (PROPERTY- DAMAGE-ONLY ACCIDENT),WILD ANIMAL,45.31504028,-110.8113634
C000011N,025+0.666,NOT IN CITY LIMITS,PARK,JULY,2017,10:15,SUN,NON-JUNCTION,ON ROADWAY,CLOUDY,DRY,DAYLIGHT,NON-INJURY ACCIDENT (PROPERTY- DAMAGE-ONLY ACCIDENT),WILD ANIMAL,45.31583017,-110.8095152
C000011N,025+0.809,NOT IN CITY LIMITS,PARK,JUNE,2017,21:20,WED,NON-JUNCTION,ON ROADWAY,CLOUDY,DRY,DUSK,NON-INJURY ACCIDENT (PROPERTY- DAMAGE-ONLY ACCIDENT),WILD ANIMAL,45.31705145,-110.8070828
C000011N,025+0.920,,PARK,May,2013,11:00,MON,NON-JUNCTION,ON ROADWAY,CLEAR,DRY,DAYLIGHT,NON-INJURY ACCIDENT (PROPERTY- DAMAGE-ONLY ACCIDENT),WILD ANIMAL,45.31780648,-110.8050592
C000011N,025+0.920,,PARK,July,2013,8:30,SUN,NON-JUNCTION,ON ROADWAY,CLEAR,DRY,DAYLIGHT,NON-INJURY ACCIDENT (PROPERTY- DAMAGE-ONLY ACCIDENT),WILD ANIMAL,45.31789345,-110.8049294
C000011N,025+0.927,,PARK,May,2015,18:48,WED,NON-JUNCTION,ON ROADWAY,CLEAR,DRY,DAYLIGHT,NON-INJURY ACCIDENT (PROPERTY- DAMAGE-ONLY ACCIDENT),WILD ANIMAL,45.31776693,-110.8048706
C000011N,026+0.104,NOT IN CITY LIMITS,PARK,JANUARY,2017,22:30,SUN,NON-JUNCTION,ON ROADWAY,CLOUDY,WET,DARK-NOT LIGHTED,NON-INJURY ACCIDENT (PROPERTY- DAMAGE-ONLY ACCIDENT),WILD ANIMAL,45.31924786,-110.8019371
C000011N,026+0.204,,PARK,June,2014,21:25,THU,NON-JUNCTION,ON ROADWAY,CLOUDY,DRY,DUSK,NON-INJURY ACCIDENT (PROPERTY- DAMAGE-ONLY ACCIDENT),WILD ANIMAL,45.31987949,-110.8000868
C000011N,026+0.234,,PARK,February,2014,21:55,FRI,NON-JUNCTION,ON ROADWAY,CLEAR,DRY,DARK-NOT LIGHTED,NON-INJURY ACCIDENT (PROPERTY- DAMAGE-ONLY ACCIDENT),WILD ANIMAL,45.32021599,-110.7996847
C000011N,026+0.606,,PARK,December,2015,17:13,SAT,NON-JUNCTION,ON ROADWAY,SEVERE CROSSWINDS,DRY,DARK-NOT LIGHTED,NON-INJURY ACCIDENT (PROPERTY- DAMAGE-ONLY ACCIDENT),WILD ANIMAL,45.32296429,-110.793198
C000011N,026+0.941,,PARK,March,2015,7:20,SUN,NON-JUNCTION,ROADSIDE RIGHT,CLOUDY,DRY,DARK-NOT LIGHTED,NON-INJURY ACCIDENT (PROPERTY- DAMAGE-ONLY ACCIDENT),FIXED OBJECT,45.32557341,-110.7873759
C000011N,027+0.001,,PARK,January,2015,18:21,SAT,NON-JUNCTION,ON ROADWAY,CLEAR,DRY,DARK-NOT LIGHTED,NON-INJURY ACCIDENT (PROPERTY- DAMAGE-ONLY ACCIDENT),WILD ANIMAL,45.32595,-110.78634
C000011N,027+0.001,NOT IN CITY LIMITS,PARK,DECEMBER,2017,18:00,MON,NON-JUNCTION,ON ROADWAY,CLOUDY,DRY,DARK-NOT LIGHTED,NON-INJURY ACCIDENT (PROPERTY- DAMAGE-ONLY ACCIDENT),WILD ANIMAL,45.32595,-110.78634
C000011N,027+0.175,,PARK,September,2015,20:30,THU,NON-JUNCTION,ON ROADWAY,RAIN,WET,DAYLIGHT,NON-INJURY ACCIDENT (PROPERTY- DAMAGE-ONLY ACCIDENT),WILD ANIMAL,45.32728893,-110.7832166
C000011N,027+0.260,,PARK,October,2013,19:35,THU,NON-JUNCTION,ON ROADWAY,CLOUDY,WET,DARK-NOT LIGHTED,NON-INJURY ACCIDENT (PROPERTY- DAMAGE-ONLY ACCIDENT),WILD ANIMAL,45.32797996,-110.7816434
C000011N,027+0.268,NOT IN CITY LIMITS,PARK,NOVEMBER,2017,18:12,SAT,NON-JUNCTION,ON ROADWAY,CLOUDY,DRY,DARK-NOT LIGHTED,NON-INCAPACITATING EVIDENT INJURY ACCIDENT,WILD ANIMAL,45.32799982,-110.7816526
C000011N,027+0.318,,PARK,August,2014,20:30,SUN,NON-JUNCTION,ON ROADWAY,CLOUDY,DRY,DARK-NOT LIGHTED,NON-INJURY ACCIDENT (PROPERTY- DAMAGE-ONLY ACCIDENT),WILD ANIMAL,45.32842833,-110.78083
C000011N,027+0.330,,PARK,October,2013,16:35,TUE,NON-JUNCTION,ON ROADWAY,CLEAR,DRY,DAYLIGHT,NON-INJURY ACCIDENT (PROPERTY- DAMAGE-ONLY ACCIDENT),WILD ANIMAL,45.32850942,-110.7804774
C000011N,027+0.354,,PARK,July,2015,11:50,WED,NON-JUNCTION,ON ROADWAY,CLEAR,DRY,DAYLIGHT,NON-INJURY ACCIDENT (PROPERTY- DAMAGE-ONLY ACCIDENT),WILD ANIMAL,45.3286426,-110.7800948
C000011N,027+0.454,,PARK,September,2016,7:10,TUE,NON-JUNCTION,ON ROADWAY,CLEAR,DRY,DAYLIGHT,NON-INJURY ACCIDENT (PROPERTY- DAMAGE-ONLY ACCIDENT),WILD ANIMAL,45.32942165,-110.778449
C000011N,027+0.541,,PARK,December,2014,17:40,FRI,NON-JUNCTION,ON ROADWAY,CLOUDY,DRY,DARK-NOT LIGHTED,NON-INJURY ACCIDENT (PROPERTY- DAMAGE-ONLY ACCIDENT),WILD ANIMAL,45.33018,-110.77701
C000011N,027+0.547,,PARK,October,2014,6:35,FRI,NON-JUNCTION,SHOULDER,CLOUDY,DRY,DARK-NOT LIGHTED,NON-INJURY ACCIDENT (PROPERTY- DAMAGE-ONLY ACCIDENT),ROLL OVER,45.33033307,-110.7769598
C000011N,027+0.708,,PARK,September,2016,6:15,TUE,NON-JUNCTION,ON ROADWAY,CLOUDY,DRY,DARK-NOT LIGHTED,NON-INJURY ACCIDENT (PROPERTY- DAMAGE-ONLY ACCIDENT),WILD ANIMAL,45.33186995,-110.7746346
C000011N,027+0.838,,PARK,May,2016,22:15,MON,NON-JUNCTION,ON ROADWAY,CLOUDY,DRY,DARK-NOT LIGHTED,NON-INJURY ACCIDENT (PROPERTY- DAMAGE-ONLY ACCIDENT),WILD ANIMAL,45.33326213,-110.7728583
C000011N,028+0.000,,PARK,January,2015,7:25,SUN,NON-JUNCTION,ON ROADWAY,CLOUDY,SNOW,DAWN,NON-INJURY ACCIDENT (PROPERTY- DAMAGE-ONLY ACCIDENT),WILD ANIMAL,45.335,-110.77076
C000011N,028+0.000,NOT IN CITY LIMITS,PARK,JULY,2017,16:05,TUE,NON-JUNCTION,ON ROADWAY,CLOUDY,DRY,DAYLIGHT,NON-INJURY ACCIDENT (PROPERTY- DAMAGE-ONLY ACCIDENT),WILD ANIMAL,45.335,-110.77076
C000011N,028+0.470,,PARK,March,2013,20:30,SAT,INTERSECTION-RELATED,ROADSIDE RIGHT,CLEAR,DRY,DARK-NOT LIGHTED,NON-INJURY ACCIDENT (PROPERTY- DAMAGE-ONLY ACCIDENT),FIXED OBJECT,45.34042333,-110.7649217
C000011N,028+0.527,NOT IN CITY LIMITS,PARK,JULY,2017,16:30,SUN,NON-JUNCTION,ON ROADWAY,CLOUDY,DRY,DAYLIGHT,NON-INJURY ACCIDENT (PROPERTY- DAMAGE-ONLY ACCIDENT),WILD ANIMAL,45.34097456,-110.7641237
C000011N,028+0.539,NOT IN CITY LIMITS,PARK,NOVEMBER,2017,8:30,TUE,NON-JUNCTION,ROADSIDE RIGHT,CLOUDY,SLUSH,DAYLIGHT,NON-INJURY ACCIDENT (PROPERTY- DAMAGE-ONLY ACCIDENT),FIXED OBJECT,45.34121568,-110.7639757
C000011N,028+0.620,,PARK,July,2015,13:30,MON,NON-JUNCTION,ON ROADWAY,CLOUDY,DRY,DAYLIGHT,NON-INJURY ACCIDENT (PROPERTY- DAMAGE-ONLY ACCIDENT),WILD ANIMAL,45.34194388,-110.7627824
C000011N,028+0.707,,PARK,March,2015,18:55,SUN,NON-JUNCTION,ON ROADWAY,CLEAR,DRY,DUSK,NON-INJURY ACCIDENT (PROPERTY- DAMAGE-ONLY ACCIDENT),WILD ANIMAL,45.34264449,-110.7612094
C000011N,029+0.001,,PARK,August,2015,13:10,THU,NON-JUNCTION,ON ROADWAY,CLEAR,DRY,DAYLIGHT,NON-INJURY ACCIDENT (PROPERTY- DAMAGE-ONLY ACCIDENT),WILD ANIMAL,45.34505,-110.75649
C000011N,029+0.329,,PARK,August,2015,8:58,SAT,NON-JUNCTION,ON ROADWAY,RAIN,WET,DAYLIGHT,NON-INJURY ACCIDENT (PROPERTY- DAMAGE-ONLY ACCIDENT),WILD ANIMAL,45.34901365,-110.7526648
C000011N,029+0.329,,PARK,April,2015,20:45,MON,NON-JUNCTION,ON ROADWAY,CLOUDY,DRY,DARK-NOT LIGHTED,NON-INJURY ACCIDENT (PROPERTY- DAMAGE-ONLY ACCIDENT),DOMESTIC ANIMAL,45.34893,-110.7527
C000011N,029+0.663,,PARK,September,2015,15:25,THU,NON-JUNCTION,ROADSIDE RIGHT,CLEAR,DRY,DAYLIGHT,NON-INCAPACITATING EVIDENT INJURY ACCIDENT,ROLL OVER,45.35297493,-110.7489089
C000011N,029+0.707,,PARK,May,2016,16:00,MON,NON-JUNCTION,ON ROADWAY,CLOUDY,DRY,DAYLIGHT,NON-INJURY ACCIDENT (PROPERTY- DAMAGE-ONLY ACCIDENT),NOT FIXED OBJECT OR DEBRIS,45.35340543,-110.7481296
C000011N,029+0.831,,PARK,April,2015,21:00,MON,NON-JUNCTION,ON ROADWAY,CLEAR,DRY,DARK-NOT LIGHTED,NON-INJURY ACCIDENT (PROPERTY- DAMAGE-ONLY ACCIDENT),DOMESTIC ANIMAL,45.35493,-110.746875
C000011N,029+0.887,,PARK,October,2016,19:25,SAT,NON-JUNCTION,ON ROADWAY,CLOUDY,WET,DARK-NOT LIGHTED,NON-INJURY ACCIDENT (PROPERTY- DAMAGE-ONLY ACCIDENT),WILD ANIMAL,45.35565631,-110.7463514
C000011N,029+0.936,,PARK,September,2014,17:25,THU,NON-JUNCTION,ON ROADWAY,CLEAR,DRY,DAYLIGHT,NON-INCAPACITATING EVIDENT INJURY ACCIDENT,"SIDESWIPE, SAME DIRECTION",45.35620667,-110.7456951
C000011N,029+0.980,,PARK,May,2014,20:48,FRI,NON-JUNCTION,SHOULDER,CLOUDY,DRY,DUSK,NON-INCAPACITATING EVIDENT INJURY ACCIDENT,ROLL OVER,45.35675833,-110.74527
C000011N,030+0.022,,PARK,October,2014,18:30,MON,NON-JUNCTION,ON ROADWAY,CLEAR,DRY,DARK-NOT LIGHTED,NON-INJURY ACCIDENT (PROPERTY- DAMAGE-ONLY ACCIDENT),WILD ANIMAL,45.35719649,-110.7446666
C000011N,030+0.028,,PARK,September,2016,6:30,SUN,NON-JUNCTION,ON ROADWAY,CLOUDY,DRY,DAWN,NON-INJURY ACCIDENT (PROPERTY- DAMAGE-ONLY ACCIDENT),WILD ANIMAL,45.35740792,-110.7448608
C000011N,030+0.121,,PARK,July,2015,5:48,SUN,NON-JUNCTION,ON ROADWAY,CLEAR,DRY,DAYLIGHT,NON-INJURY ACCIDENT (PROPERTY- DAMAGE-ONLY ACCIDENT),WILD ANIMAL,45.35840859,-110.7436353
C000011N,030+0.208,,PARK,July,2015,8:33,TUE,NON-JUNCTION,ON ROADWAY,CLOUDY,DRY,DAYLIGHT,NON-INJURY ACCIDENT (PROPERTY- DAMAGE-ONLY ACCIDENT),WILD ANIMAL,45.359385,-110.7425717
C000011N,030+0.263,,PARK,April,2014,14:57,MON,NON-JUNCTION,ROADSIDE RIGHT,CLOUDY,DRY,DAYLIGHT,POSSIBLE INJURY ACCIDENT,FIXED OBJECT,45.3601366,-110.742037
C000011N,030+0.760,,PARK,December,2014,16:20,SUN,NON-JUNCTION,ON ROADWAY,CLOUDY,DRY,DUSK,NON-INJURY ACCIDENT (PROPERTY- DAMAGE-ONLY ACCIDENT),WILD ANIMAL,45.36596613,-110.7361289
C000011N,030+0.773,,PARK,June,2015,21:50,FRI,NON-JUNCTION,ON ROADWAY,CLEAR,DRY,DARK-NOT LIGHTED,NON-INJURY ACCIDENT (PROPERTY- DAMAGE-ONLY ACCIDENT),WILD ANIMAL,45.36614031,-110.7359445
C000011N,030+0.977,,PARK,June,2015,13:52,MON,INTERSECTION,ON ROADWAY,CLEAR,DRY,DAYLIGHT,INCAPACITATING INJURY ACCIDENT,RIGHT ANGLE,45.36865387,-110.7336564
C000011N,030+0.980,,PARK,October,2013,23:00,THU,NON-JUNCTION,ON ROADWAY,CLOUDY,WET,DARK-NOT LIGHTED,NON-INJURY ACCIDENT (PROPERTY- DAMAGE-ONLY ACCIDENT),WILD ANIMAL,45.36894004,-110.7340687
C000011N,030+0.981,,PARK,June,2015,10:42,WED,NON-JUNCTION,ON ROADWAY,CLEAR,DRY,DAYLIGHT,NON-INJURY ACCIDENT (PROPERTY- DAMAGE-ONLY ACCIDENT),"SIDESWIPE, SAME DIRECTION",45.36864,-110.73361
C000011N,030+0.989,NOT IN CITY LIMITS,PARK,MARCH,2017,22:25,SUN,NON-JUNCTION,IN PARKING LANE OR ZONE,CLOUDY,MUD DIRT GRAVEL,DARK-NOT LIGHTED,NON-INJURY ACCIDENT (PROPERTY- DAMAGE-ONLY ACCIDENT),FIXED OBJECT,45.36893333,-110.7339533
C000011N,031+0.390,,PARK,May,2016,3:40,TUE,NON-JUNCTION,ROADSIDE RIGHT,RAIN,WET,DARK-NOT LIGHTED,INCAPACITATING INJURY ACCIDENT,ROLL OVER,45.37353742,-110.7288616
C000011N,032+0.081,,PARK,October,2014,16:15,SAT,NON-JUNCTION,ON ROADWAY,CLEAR,DRY,DAYLIGHT,NON-INJURY ACCIDENT (PROPERTY- DAMAGE-ONLY ACCIDENT),WILD ANIMAL,45.38161757,-110.7210069
C000011N,032+0.328,NOT IN CITY LIMITS,PARK,APRIL,2017,6:31,MON,NON-JUNCTION,ON ROADWAY,CLEAR,DRY,DAWN,NON-INJURY ACCIDENT (PROPERTY- DAMAGE-ONLY ACCIDENT),WILD ANIMAL,45.3846676,-110.7181463
C000011N,032+0.740,,PARK,November,2013,1:20,SUN,NON-JUNCTION,ROADSIDE RIGHT,CLEAR,WET,DARK-NOT LIGHTED,NON-INJURY ACCIDENT (PROPERTY- DAMAGE-ONLY ACCIDENT),FIXED OBJECT,45.38962667,-110.7133317
C000011N,032+0.875,NOT IN CITY LIMITS,PARK,SEPTEMBER,2017,7:40,TUE,NON-JUNCTION,ON ROADWAY,CLEAR,DRY,DAYLIGHT,NON-INJURY ACCIDENT (PROPERTY- DAMAGE-ONLY ACCIDENT),WILD ANIMAL,45.3913197,-110.7122471
C000011N,033+0.541,,PARK,August,2014,20:30,THU,NON-JUNCTION,ON ROADWAY,CLEAR,DRY,DARK-NOT LIGHTED,NON-INJURY ACCIDENT (PROPERTY- DAMAGE-ONLY ACCIDENT),WILD ANIMAL,45.39981661,-110.7058986
C000011N,033+0.559,,PARK,August,2014,9:25,MON,NON-JUNCTION,ON ROADWAY,CLEAR,DRY,DAYLIGHT,NON-INJURY ACCIDENT (PROPERTY- DAMAGE-ONLY ACCIDENT),WILD ANIMAL,45.40012,-110.7059
C000011N,033+0.764,,PARK,July,2016,23:15,SUN,NON-JUNCTION,ON ROADWAY,CLEAR,DRY,DARK-NOT LIGHTED,NON-INJURY ACCIDENT (PROPERTY- DAMAGE-ONLY ACCIDENT),WILD ANIMAL,45.40264628,-110.7037803
C000011N,033+0.850,NOT IN CITY LIMITS,PARK,OCTOBER,2017,13:20,SAT,NON-JUNCTION,ROADSIDE RIGHT,CLEAR,DRY,DAYLIGHT,NON-INCAPACITATING EVIDENT INJURY ACCIDENT,ROLL OVER,45.40386434,-110.7030321
C000011N,034+0.002,NOT IN CITY LIMITS,PARK,JANUARY,2017,13:12,FRI,NON-JUNCTION,ON ROADWAY,CLEAR,DRY,DAYLIGHT,NON-INJURY ACCIDENT (PROPERTY- DAMAGE-ONLY ACCIDENT),WILD ANIMAL,45.40569,-110.70157
C000011N,034+0.058,,PARK,September,2016,20:00,FRI,NON-JUNCTION,ON ROADWAY,CLEAR,DRY,DUSK,NON-INCAPACITATING EVIDENT INJURY ACCIDENT,REAR-END,45.4064836,-110.7010058
C000011N,034+0.150,,PARK,September,2013,10:50,THU,NON-JUNCTION,SHOULDER,CLEAR,DRY,DAYLIGHT,NON-INJURY ACCIDENT (PROPERTY- DAMAGE-ONLY ACCIDENT),FIXED OBJECT,45.40749712,-110.6997581
C000011N,034+0.610,,PARK,August,2013,20:00,TUE,NON-JUNCTION,ON ROADWAY,CLEAR,DRY,DUSK,NON-INJURY ACCIDENT (PROPERTY- DAMAGE-ONLY ACCIDENT),WILD ANIMAL,45.41220844,-110.6932525
C000011N,034+0.629,,PARK,February,2015,17:20,FRI,NON-JUNCTION,SHOULDER,CLOUDY,DRY,DAYLIGHT,NON-INCAPACITATING EVIDENT INJURY ACCIDENT,FIXED OBJECT,45.41229915,-110.6928653
C000011N,034+0.672,,PARK,December,2015,18:00,THU,NON-JUNCTION,ON ROADWAY,CLEAR,DRY,DARK-NOT LIGHTED,NON-INJURY ACCIDENT (PROPERTY- DAMAGE-ONLY ACCIDENT),WILD ANIMAL,45.41274713,-110.6922205
C000011N,034+0.750,,PARK,October,2013,10:39,WED,NON-JUNCTION,ON ROADWAY,CLEAR,DRY,DAYLIGHT,NON-INJURY ACCIDENT (PROPERTY- DAMAGE-ONLY ACCIDENT),WILD ANIMAL,45.41357686,-110.6909116
C000011N,034+0.927,,PARK,January,2016,18:36,TUE,NON-JUNCTION,ON ROADWAY,CLOUDY,DRY,DARK-NOT LIGHTED,NON-INJURY ACCIDENT (PROPERTY- DAMAGE-ONLY ACCIDENT),WILD ANIMAL,45.41525187,-110.68832
C000011N,035+0.129,,PARK,June,2016,9:45,SAT,INTERSECTION-RELATED,ON ROADWAY,CLEAR,DRY,DAYLIGHT,NON-INJURY ACCIDENT (PROPERTY- DAMAGE-ONLY ACCIDENT),REAR-END,45.41703467,-110.6850562
C000011N,035+0.142,NOT IN CITY LIMITS,PARK,NOVEMBER,2017,10:00,MON,NON-JUNCTION,ON ROADWAY,CLOUDY,DRY,DARK-NOT LIGHTED,NON-INJURY ACCIDENT (PROPERTY- DAMAGE-ONLY ACCIDENT),WILD ANIMAL,45.41693758,-110.6847793
C000011N,035+0.179,NOT IN CITY LIMITS,PARK,SEPTEMBER,2017,20:04,THU,NON-JUNCTION,ON ROADWAY,CLEAR,DRY,DARK-NOT LIGHTED,NON-INJURY ACCIDENT (PROPERTY- DAMAGE-ONLY ACCIDENT),WILD ANIMAL,45.41728,-110.68411
C000011N,035+0.254,,PARK,January,2016,18:47,SUN,NON-JUNCTION,ON ROADWAY,CLEAR,DRY,DARK-NOT LIGHTED,NON-INJURY ACCIDENT (PROPERTY- DAMAGE-ONLY ACCIDENT),WILD ANIMAL,45.41790635,-110.682792
C000011N,035+0.545,,PARK,December,2016,7:31,THU,NON-JUNCTION,ON ROADWAY,CLEAR,DRY,DAWN,NON-INJURY ACCIDENT (PROPERTY- DAMAGE-ONLY ACCIDENT),WILD ANIMAL,45.41898189,-110.6770845
C000011N,035+0.712,NOT IN CITY LIMITS,PARK,APRIL,2017,6:45,SAT,NON-JUNCTION,ON ROADWAY,CLOUDY,DRY,DAYLIGHT,NON-INJURY ACCIDENT (PROPERTY- DAMAGE-ONLY ACCIDENT),WILD ANIMAL,45.41932113,-110.6736438
C000011N,036+0.002,,PARK,July,2014,22:18,TUE,DRIVEWAY/ALLEY ACCESS RELATED,ON ROADWAY,CLEAR,DRY,DARK-NOT LIGHTED,NON-INJURY ACCIDENT (PROPERTY- DAMAGE-ONLY ACCIDENT),"SIDESWIPE, SAME DIRECTION",45.41964,-110.66785
C000011N,036+0.114,,PARK,September,2016,20:30,THU,NON-JUNCTION,ON ROADWAY,CLOUDY,DRY,DUSK,NON-INJURY ACCIDENT (PROPERTY- DAMAGE-ONLY ACCIDENT),WILD ANIMAL,45.42000317,-110.665573
C000011N,036+0.200,,PARK,February,2013,8:15,SAT,NON-JUNCTION,ON ROADWAY,CLOUDY,DRY,DAYLIGHT,NON-INJURY ACCIDENT (PROPERTY- DAMAGE-ONLY ACCIDENT),WILD ANIMAL,45.42046082,-110.6639201
C000011N,036+0.225,NOT IN CITY LIMITS,PARK,DECEMBER,2017,0:45,FRI,NON-JUNCTION,ROADSIDE LEFT,CLEAR,DRY,DARK-LIGHTED,NON-INCAPACITATING EVIDENT INJURY ACCIDENT,ROLL OVER,45.42068723,-110.6635634
C000011N,036+0.337,LIVINGSTON,PARK,December,2015,8:15,WED,NON-JUNCTION,ON ROADWAY,CLOUDY,DRY,DAYLIGHT,NON-INJURY ACCIDENT (PROPERTY- DAMAGE-ONLY ACCIDENT),WILD ANIMAL,45.42128728,-110.6613247
C000011N,036+0.337,NOT IN CITY LIMITS,PARK,JANUARY,2017,18:30,THU,NON-JUNCTION,ON ROADWAY,CLOUDY,DRY,DARK-NOT LIGHTED,NON-INJURY ACCIDENT (PROPERTY- DAMAGE-ONLY ACCIDENT),WILD ANIMAL,45.42137146,-110.661438
C000011N,036+0.362,,PARK,July,2016,9:20,TUE,DRIVEWAY/ALLEY ACCESS RELATED,ON ROADWAY,CLEAR,DRY,DAYLIGHT,NON-INCAPACITATING EVIDENT INJURY ACCIDENT,"SIDESWIPE, SAME DIRECTION",45.42152289,-110.6609081
C000011N,037+0.025,,PARK,November,2015,17:15,SUN,NON-JUNCTION,ON ROADWAY,CLEAR,DRY,DARK-NOT LIGHTED,NON-INJURY ACCIDENT (PROPERTY- DAMAGE-ONLY ACCIDENT),WILD ANIMAL,45.42555525,-110.6486637
C000011N,037+0.191,,PARK,November,2016,17:45,TUE,INTERSECTION,ON ROADWAY,CLEAR,DRY,DAYLIGHT,POSSIBLE INJURY ACCIDENT,RIGHT ANGLE,45.42673215,-110.6456692
C000011N,037+0.191,NOT IN CITY LIMITS,PARK,DECEMBER,2017,18:05,MON,NON-JUNCTION,ON ROADWAY,CLOUDY,DRY,DARK-NOT LIGHTED,NON-INJURY ACCIDENT (PROPERTY- DAMAGE-ONLY ACCIDENT),WILD ANIMAL,45.42676,-110.64578
C000011N,037+0.191,NOT IN CITY LIMITS,PARK,MAY,2017,17:23,THU,NON-JUNCTION,ROADSIDE RIGHT,CLEAR,DRY,DAYLIGHT,NON-INJURY ACCIDENT (PROPERTY- DAMAGE-ONLY ACCIDENT),ROLL OVER,45.42676,-110.64578
C000011N,037+0.199,,PARK,August,2014,10:01,SAT,INTERSECTION,ON ROADWAY,RAIN,WET,DAYLIGHT,INCAPACITATING INJURY ACCIDENT,RIGHT ANGLE,45.42681833,-110.6456217
C000011N,037+0.471,NOT IN CITY LIMITS,PARK,DECEMBER,2017,6:00,MON,DRIVEWAY/ALLEY ACCESS RELATED,ON ROADWAY,CLOUDY,ICE/FROST,DARK-NOT LIGHTED,NON-INCAPACITATING EVIDENT INJURY ACCIDENT,REAR-END,45.42954496,-110.6415376
C000011N,037+0.527,NOT IN CITY LIMITS,PARK,JANUARY,2017,14:11,WED,NON-JUNCTION,ON ROADWAY,CLEAR,DRY,DAYLIGHT,NON-INJURY ACCIDENT (PROPERTY- DAMAGE-ONLY ACCIDENT),WILD ANIMAL,45.43022443,-110.6409027