MDT_CORRIDOR_ID,SMS_REFPOST_OFFSET,CITY,COUNTY,Month,Year,SMS_TIME,SMT_CRASH_OCC_DAY_OF_WEEK,JUNCTION_RELATED,ROADWAY_RELATED,WEATHER_COND,ROAD_COND,LIGHT_COND,CRASH_SEVERITY,COLLISION_TYPE,LATITUDE,LONGITUDE
C000011N,050+0.012,NOT IN CITY LIMITS,PARK,FEBRUARY,2017,17:55,THU,NON-JUNCTION,ON ROADWAY,CLEAR,SNOW,DARK-NOT LIGHTED,NON-INJURY ACCIDENT (PROPERTY- DAMAGE-ONLY ACCIDENT),FIRE/ EXPLOSION,45.60071271,-110.5731173
C000011N,050+0.111,,PARK,November,2016,22:10,FRI,NON-JUNCTION,ON ROADWAY,CLEAR,DRY,DARK-NOT LIGHTED,NON-INJURY ACCIDENT (PROPERTY- DAMAGE-ONLY ACCIDENT),WILD ANIMAL,45.60242783,-110.5738297
C000011N,050+0.240,,PARK,December,2013,8:02,THU,NON-JUNCTION,ROADSIDE RIGHT,CLEAR,ICE/FROST,DAYLIGHT,NON-INJURY ACCIDENT (PROPERTY- DAMAGE-ONLY ACCIDENT),FIXED OBJECT,45.60429497,-110.5745416
C000011N,050+0.253,,PARK,February,2015,8:05,TUE,NON-JUNCTION,ON ROADWAY,CLOUDY,DRY,DAYLIGHT,NON-INJURY ACCIDENT (PROPERTY- DAMAGE-ONLY ACCIDENT),WILD ANIMAL,45.60437051,-110.5746086
C000011N,050+0.426,NOT IN CITY LIMITS,PARK,JUNE,2017,8:20,SAT,INTERSECTION-RELATED,ON ROADWAY,CLEAR,DRY,DAYLIGHT,NON-INJURY ACCIDENT (PROPERTY- DAMAGE-ONLY ACCIDENT),REAR-END,45.60675115,-110.5755278
C000011N,050+0.488,,PARK,September,2015,11:30,THU,DRIVEWAY/ALLEY ACCESS RELATED,ON ROADWAY,CLEAR,DRY,DAYLIGHT,NON-INJURY ACCIDENT (PROPERTY- DAMAGE-ONLY ACCIDENT),REAR-END,45.60768639,-110.5756928
C000011N,050+0.556,,PARK,November,2015,17:30,THU,NON-JUNCTION,OUTSIDE RIGHT-OF-WAY (TRAFFICWAY),CLEAR,DRY,DARK-NOT LIGHTED,NON-INCAPACITATING EVIDENT INJURY ACCIDENT,FIXED OBJECT,45.60872474,-110.5758449
C000011N,050+0.612,,PARK,January,2015,18:00,MON,NON-JUNCTION,ON ROADWAY,CLOUDY,DRY,DARK-NOT LIGHTED,NON-INJURY ACCIDENT (PROPERTY- DAMAGE-ONLY ACCIDENT),WILD ANIMAL,45.60942823,-110.5764323
C000011N,050+0.710,,PARK,August,2013,11:30,SAT,DRIVEWAY/ALLEY ACCESS RELATED,ON ROADWAY,CLEAR,DRY,DAYLIGHT,NON-INJURY ACCIDENT (PROPERTY- DAMAGE-ONLY ACCIDENT),DOMESTIC ANIMAL,45.61082499,-110.5770333
C000011N,050+0.850,,PARK,January,2013,2:00,WED,NON-JUNCTION,SHOULDER,SNOW,SNOW,DARK-NOT LIGHTED,NON-INCAPACITATING EVIDENT INJURY ACCIDENT,FIXED OBJECT,45.6127716,-110.5777027
C000011N,050+0.984,,PARK,January,2015,15:00,FRI,NON-JUNCTION,ON ROADWAY,SNOW,WET,DAYLIGHT,NON-INJURY ACCIDENT (PROPERTY- DAMAGE-ONLY ACCIDENT),WILD ANIMAL,45.61462258,-110.578495
C000011N,051+0.001,,PARK,December,2014,14:02,SAT,NON-JUNCTION,ON ROADWAY,CLOUDY,DRY,DAYLIGHT,NON-INJURY ACCIDENT (PROPERTY- DAMAGE-ONLY ACCIDENT),WILD ANIMAL,45.61486,-110.5785
C000011N,051+0.050,,PARK,December,2013,16:04,MON,NON-JUNCTION,ROADSIDE LEFT,SNOW,SNOW,DAYLIGHT,NON-INCAPACITATING EVIDENT INJURY ACCIDENT,ROLL OVER,45.61567833,-110.5790283
C000011N,051+0.118,,PARK,January,2016,22:25,WED,NON-JUNCTION,ON ROADWAY,CLOUDY,DRY,DARK-NOT LIGHTED,NON-INJURY ACCIDENT (PROPERTY- DAMAGE-ONLY ACCIDENT),ROLL OVER,45.61656006,-110.5789907
C000011N,051+0.459,NOT IN CITY LIMITS,PARK,NOVEMBER,2017,6:40,WED,NON-JUNCTION,ON ROADWAY,CLOUDY,DRY,DAWN,NON-INCAPACITATING EVIDENT INJURY ACCIDENT,WILD ANIMAL,45.62148764,-110.5784791
C000011N,051+0.500,,PARK,July,2013,17:45,SUN,NON-JUNCTION,ON ROADWAY,CLEAR,DRY,DAYLIGHT,NON-INCAPACITATING EVIDENT INJURY ACCIDENT,RIGHT ANGLE,45.62219735,-110.5783649
C000011N,051+0.502,NOT IN CITY LIMITS,PARK,MARCH,2017,18:55,THU,NON-JUNCTION,ON ROADWAY,CLOUDY,DRY,DARK-NOT LIGHTED,NON-INJURY ACCIDENT (PROPERTY- DAMAGE-ONLY ACCIDENT),WILD ANIMAL,45.62206353,-110.5785846
C000011N,051+0.521,NOT IN CITY LIMITS,PARK,JULY,2017,22:55,FRI,INTERSECTION,ON ROADWAY,CLOUDY,DRY,DARK-NOT LIGHTED,NON-INJURY ACCIDENT (PROPERTY- DAMAGE-ONLY ACCIDENT),RIGHT ANGLE,45.62235095,-110.5783925
C000011N,051+0.527,NOT IN CITY LIMITS,PARK,SEPTEMBER,2017,13:30,SUN,INTERSECTION-RELATED,ROADSIDE RIGHT,"FOG, SMOG, SMOKE",DRY,DAYLIGHT,NON-INJURY ACCIDENT (PROPERTY- DAMAGE-ONLY ACCIDENT),FIXED OBJECT,45.62240302,-110.5783252
C000011N,051+0.595,NOT IN CITY LIMITS,PARK,AUGUST,2017,9:15,FRI,NON-JUNCTION,ON ROADWAY,CLEAR,DRY,DAYLIGHT,NON-INJURY ACCIDENT (PROPERTY- DAMAGE-ONLY ACCIDENT),WILD ANIMAL,45.62339374,-110.5781213
C000011N,051+0.630,,PARK,July,2013,11:45,TUE,NON-JUNCTION,SHOULDER,CLEAR,DRY,DAYLIGHT,INCAPACITATING INJURY ACCIDENT,FIXED OBJECT,45.62404141,-110.5780101
C000011N,051+0.639,,PARK,February,2015,13:40,SAT,NON-JUNCTION,SHOULDER,CLOUDY,SLUSH,DAYLIGHT,NON-INJURY ACCIDENT (PROPERTY- DAMAGE-ONLY ACCIDENT),FIXED OBJECT,45.62403867,-110.5780509
C000011N,051+0.663,NOT IN CITY LIMITS,PARK,AUGUST,2017,20:45,THU,NON-JUNCTION,ON ROADWAY,"FOG, SMOG, SMOKE",DRY,DARK-NOT LIGHTED,NON-INJURY ACCIDENT (PROPERTY- DAMAGE-ONLY ACCIDENT),WILD ANIMAL,45.62440809,-110.5780689
C000011N,051+0.669,,PARK,June,2016,17:00,THU,DRIVEWAY/ALLEY ACCESS RELATED,ON ROADWAY,CLEAR,DRY,DAYLIGHT,NON-INJURY ACCIDENT (PROPERTY- DAMAGE-ONLY ACCIDENT),REAR-END,45.62447176,-110.5780646
C000011N,051+0.694,,PARK,November,2016,16:07,WED,DRIVEWAY/ALLEY ACCESS RELATED,ON ROADWAY,CLEAR,DRY,DAYLIGHT,NON-INJURY ACCIDENT (PROPERTY- DAMAGE-ONLY ACCIDENT),REAR-END,45.62486526,-110.5779311
C000011N,051+0.805,,PARK,August,2016,14:40,FRI,DRIVEWAY/ALLEY ACCESS RELATED,ON ROADWAY,CLOUDY,DRY,DAYLIGHT,NON-INJURY ACCIDENT (PROPERTY- DAMAGE-ONLY ACCIDENT),REAR-END,45.62646103,-110.577446
C000011N,051+0.837,NOT IN CITY LIMITS,PARK,APRIL,2017,20:29,TUE,NON-JUNCTION,ON ROADWAY,CLEAR,DRY,DARK-NOT LIGHTED,NON-INJURY ACCIDENT (PROPERTY- DAMAGE-ONLY ACCIDENT),WILD ANIMAL,45.62691428,-110.5775236
C000011N,051+0.843,NOT IN CITY LIMITS,PARK,JULY,2017,15:45,THU,NON-JUNCTION,ON ROADWAY,CLOUDY,DRY,DAYLIGHT,NON-INJURY ACCIDENT (PROPERTY- DAMAGE-ONLY ACCIDENT),WILD ANIMAL,45.6269511,-110.5774773
C000011N,051+0.843,NOT IN CITY LIMITS,PARK,JUNE,2017,19:55,SAT,NON-JUNCTION,ON ROADWAY,CLOUDY,DRY,DAYLIGHT,NON-INJURY ACCIDENT (PROPERTY- DAMAGE-ONLY ACCIDENT),WILD ANIMAL,45.626915,-110.5772426
C000011N,051+0.886,NOT IN CITY LIMITS,PARK,FEBRUARY,2017,7:05,TUE,NON-JUNCTION,ON ROADWAY,CLEAR,DRY,DAWN,NON-INJURY ACCIDENT (PROPERTY- DAMAGE-ONLY ACCIDENT),WILD ANIMAL,45.62754602,-110.5772654
C000011N,051+0.905,,PARK,November,2016,15:50,WED,NON-JUNCTION,ON ROADWAY,CLEAR,DRY,DAYLIGHT,NON-INJURY ACCIDENT (PROPERTY- DAMAGE-ONLY ACCIDENT),REAR-END,45.62783737,-110.5773194
C000011N,051+0.961,,PARK,August,2015,20:40,TUE,NON-JUNCTION,ON ROADWAY,CLEAR,DRY,DARK-NOT LIGHTED,NON-INJURY ACCIDENT (PROPERTY- DAMAGE-ONLY ACCIDENT),WILD ANIMAL,45.62869846,-110.5770682
C000011N,051+0.967,NOT IN CITY LIMITS,PARK,JULY,2017,0:47,TUE,NON-JUNCTION,ROADSIDE RIGHT,CLEAR,DRY,DARK-NOT LIGHTED,NON-INJURY ACCIDENT (PROPERTY- DAMAGE-ONLY ACCIDENT),FIXED OBJECT,45.62878441,-110.5771336
C000011N,052+0.001,,PARK,July,2014,21:45,THU,NON-JUNCTION,ON ROADWAY,CLEAR,DRY,DARK-NOT LIGHTED,NON-INJURY ACCIDENT (PROPERTY- DAMAGE-ONLY ACCIDENT),WILD ANIMAL,45.62924,-110.57686
C000011N,052+0.007,NOT IN CITY LIMITS,PARK,SEPTEMBER,2017,11:20,FRI,NON-JUNCTION,ON ROADWAY,RAIN,WET,DAYLIGHT,NON-INJURY ACCIDENT (PROPERTY- DAMAGE-ONLY ACCIDENT),REAR-END,45.62932651,-110.5768395
C000011N,052+0.026,,PARK,December,2016,7:35,THU,INTERSECTION,ON ROADWAY,CLEAR,DRY,DAWN,NON-INJURY ACCIDENT (PROPERTY- DAMAGE-ONLY ACCIDENT),WILD ANIMAL,45.62963876,-110.5767465
C000011N,052+0.082,,PARK,September,2014,7:55,TUE,NON-JUNCTION,ON ROADWAY,CLEAR,DRY,DAYLIGHT,NON-INJURY ACCIDENT (PROPERTY- DAMAGE-ONLY ACCIDENT),REAR-END,45.6303969,-110.5765689
C000011N,052+0.230,,PARK,October,2013,2:06,SUN,NON-JUNCTION,ON ROADWAY,CLEAR,DRY,DARK-NOT LIGHTED,NON-INJURY ACCIDENT (PROPERTY- DAMAGE-ONLY ACCIDENT),WILD ANIMAL,45.63265122,-110.5761691
C000011N,052+0.320,,PARK,January,2013,17:28,SAT,NON-JUNCTION,ON ROADWAY,CLEAR,DRY,DARK-NOT LIGHTED,NON-INJURY ACCIDENT (PROPERTY- DAMAGE-ONLY ACCIDENT),WILD ANIMAL,45.63386,-110.5759567
C000011N,052+0.391,,PARK,May,2015,16:10,TUE,NON-JUNCTION,ON ROADWAY,CLEAR,DRY,DAYLIGHT,NON-INJURY ACCIDENT (PROPERTY- DAMAGE-ONLY ACCIDENT),"SIDESWIPE, OPPOSITE DIRECTION",45.63483311,-110.5755854
C000011N,052+0.782,LIVINGSTON,PARK,January,2013,16:12,THU,INTERSECTION-RELATED,ON ROADWAY,SNOW,SNOW,DAYLIGHT,NON-INJURY ACCIDENT (PROPERTY- DAMAGE-ONLY ACCIDENT),REAR-END,45.63991886,-110.5744933
C000011N,052+0.793,LIVINGSTON,PARK,April,2016,9:50,WED,RAILWAY GRADE CROSSING,ON ROADWAY,RAIN,WET,DAYLIGHT,NON-INJURY ACCIDENT (PROPERTY- DAMAGE-ONLY ACCIDENT),REAR TO FRONT,45.64059254,-110.573885
C000011N,052+0.850,LIVINGSTON,PARK,July,2015,17:10,FRI,NON-JUNCTION,ON ROADWAY,CLEAR,DRY,DAYLIGHT,NON-INJURY ACCIDENT (PROPERTY- DAMAGE-ONLY ACCIDENT),REAR-END,45.64138667,-110.5741083
C000011N,052+0.972,LIVINGSTON,PARK,October,2013,13:15,FRI,INTERSECTION-RELATED,ON ROADWAY,CLEAR,DRY,DAYLIGHT,POSSIBLE INJURY ACCIDENT,REAR-END,45.64329966,-110.5737794
C000011N,052+0.972,LIVINGSTON,PARK,September,2013,19:22,WED,INTERSECTION-RELATED,ON ROADWAY,CLEAR,DRY,DAYLIGHT,NON-INJURY ACCIDENT (PROPERTY- DAMAGE-ONLY ACCIDENT),REAR-END,45.64329966,-110.5737794
C000011N,052+0.972,LIVINGSTON,PARK,January,2013,13:53,MON,INTERSECTION-RELATED,ON ROADWAY,CLOUDY,WET,DAYLIGHT,POSSIBLE INJURY ACCIDENT,REAR-END,45.64329966,-110.5737794
C000011N,052+0.980,LIVINGSTON,PARK,January,2013,22:30,FRI,INTERSECTION,ON ROADWAY,CLEAR,DRY,DARK-LIGHTED,NON-INJURY ACCIDENT (PROPERTY- DAMAGE-ONLY ACCIDENT),RIGHT ANGLE,45.64341167,-110.573885
C000011N,052+0.991,LIVINGSTON,PARK,August,2013,17:02,THU,INTERSECTION-RELATED,ON ROADWAY,CLEAR,DRY,DAYLIGHT,NON-INJURY ACCIDENT (PROPERTY- DAMAGE-ONLY ACCIDENT),REAR-END,45.64329966,-110.5737794
C000011N,053+0.229,LIVINGSTON,PARK,June,2013,9:57,SUN,INTERSECTION-RELATED,ON ROADWAY,CLEAR,DRY,DAYLIGHT,NON-INJURY ACCIDENT (PROPERTY- DAMAGE-ONLY ACCIDENT),REAR-END,45.64677343,-110.573019
C000011N,053+0.242,LIVINGSTON,PARK,April,2014,1:15,TUE,NON-JUNCTION,ON ROADWAY,CLEAR,DRY,DARK-NOT LIGHTED,NON-INJURY ACCIDENT (PROPERTY- DAMAGE-ONLY ACCIDENT),WILD ANIMAL,45.64704554,-110.5728669
C000011N,053+0.406,LIVINGSTON,PARK,February,2013,12:38,SAT,INTERSECTION,ON ROADWAY,CLEAR,DRY,DAYLIGHT,NON-INJURY ACCIDENT (PROPERTY- DAMAGE-ONLY ACCIDENT),RIGHT ANGLE,45.64911836,-110.5724788
C000011N,053+0.511,LIVINGSTON,PARK,October,2013,19:59,THU,INTERSECTION-RELATED,ON ROADWAY,BLOWING SNOW,WET,DARK-LIGHTED,NON-INJURY ACCIDENT (PROPERTY- DAMAGE-ONLY ACCIDENT),"RIGHT TURN, OPPOSITE DIRECTION",45.65069962,-110.5721352
C000011N,054+0.054,LIVINGSTON,PARK,August,2013,17:23,FRI,INTERSECTION-RELATED,ON ROADWAY,CLEAR,DRY,DAYLIGHT,NON-INJURY ACCIDENT (PROPERTY- DAMAGE-ONLY ACCIDENT),REAR-END,45.65760665,-110.5685583
C000011N,054+0.054,LIVINGSTON,PARK,April,2013,17:10,THU,INTERSECTION-RELATED,ON ROADWAY,CLEAR,DRY,DAYLIGHT,POSSIBLE INJURY ACCIDENT,REAR-END,45.65760665,-110.5685583
C000011N,054+0.054,LIVINGSTON,PARK,June,2013,9:14,TUE,INTERSECTION-RELATED,ON ROADWAY,CLOUDY,WET,DAYLIGHT,NON-INJURY ACCIDENT (PROPERTY- DAMAGE-ONLY ACCIDENT),RIGHT ANGLE,45.65760665,-110.5685583
C000011N,054+0.090,LIVINGSTON,PARK,April,2013,21:40,SAT,INTERSECTION-RELATED,ON ROADWAY,CLEAR,DRY,DARK-LIGHTED,NON-INJURY ACCIDENT (PROPERTY- DAMAGE-ONLY ACCIDENT),REAR-END,45.65849091,-110.5677278
C000011N,054+0.334,LIVINGSTON,PARK,April,2013,11:00,FRI,INTERSECTION,ON ROADWAY,CLEAR,DRY,DAYLIGHT,NON-INJURY ACCIDENT (PROPERTY- DAMAGE-ONLY ACCIDENT),RIGHT ANGLE,45.66056161,-110.5645233
C000011N,054+0.404,LIVINGSTON,PARK,October,2013,21:55,THU,INTERSECTION-RELATED,ON ROADWAY,SNOW,SNOW,DARK-LIGHTED,NON-INJURY ACCIDENT (PROPERTY- DAMAGE-ONLY ACCIDENT),"LEFT TURN, OPPOSITE DIRECTION",45.66115956,-110.5634243
C000011N,054+0.404,LIVINGSTON,PARK,July,2013,8:58,FRI,INTERSECTION-RELATED,ON ROADWAY,RAIN,WET,DAYLIGHT,NON-INJURY ACCIDENT (PROPERTY- DAMAGE-ONLY ACCIDENT),FIXED OBJECT,45.66115956,-110.5634243
C000011N,054+0.542,LIVINGSTON,PARK,August,2013,22:20,FRI,INTERSECTION-RELATED,ON ROADWAY,CLEAR,DRY,DARK-LIGHTED,NON-INJURY ACCIDENT (PROPERTY- DAMAGE-ONLY ACCIDENT),REAR-END,45.66241755,-110.5610959
C000011N,054+0.542,LIVINGSTON,PARK,July,2013,19:47,MON,INTERSECTION,ON ROADWAY,CLEAR,DRY,DAYLIGHT,NON-INCAPACITATING EVIDENT INJURY ACCIDENT,"LEFT TURN, OPPOSITE DIRECTION",45.66241755,-110.5610959
C000011N,054+0.542,LIVINGSTON,PARK,February,2013,13:00,FRI,INTERSECTION-RELATED,ON ROADWAY,CLEAR,DRY,DAYLIGHT,NON-INJURY ACCIDENT (PROPERTY- DAMAGE-ONLY ACCIDENT),REAR-END,45.66241755,-110.5610959
C000011N,054+0.542,LIVINGSTON,PARK,July,2013,19:47,TUE,INTERSECTION,ON ROADWAY,CLEAR,DRY,DAYLIGHT,NON-INCAPACITATING EVIDENT INJURY ACCIDENT,"LEFT TURN, OPPOSITE DIRECTION",45.66241755,-110.5610959
C000011N,054+0.542,LIVINGSTON,PARK,June,2013,19:34,MON,INTERSECTION-RELATED,ON ROADWAY,CLOUDY,WET,DAYLIGHT,NON-INJURY ACCIDENT (PROPERTY- DAMAGE-ONLY ACCIDENT),REAR-END,45.66241755,-110.5610959
C000011N,054+0.968,LIVINGSTON,PARK,June,2015,1:30,SAT,NON-JUNCTION,IN PARKING LANE OR ZONE,CLEAR,DRY,DARK-NOT LIGHTED,NON-INJURY ACCIDENT (PROPERTY- DAMAGE-ONLY ACCIDENT),REAR TO REAR,45.66618955,-110.5539032
C000011N,056+0.034,LIVINGSTON,PARK,October,2015,6:19,MON,NON-JUNCTION,ON ROADWAY,CLEAR,DRY,DARK-NOT LIGHTED,NON-INJURY ACCIDENT (PROPERTY- DAMAGE-ONLY ACCIDENT),WILD ANIMAL,45.67601918,-110.5338529
C000011N,057+0.079,,PARK,November,2014,12:55,FRI,DRIVEWAY/ALLEY ACCESS RELATED,ON ROADWAY,CLOUDY,DRY,DAYLIGHT,NON-INJURY ACCIDENT (PROPERTY- DAMAGE-ONLY ACCIDENT),"LEFT TURN, SAME DIRECTION",45.68320457,-110.5152748
C000011N,057+0.470,,PARK,December,2013,9:00,TUE,NON-JUNCTION,ON ROADWAY,BLOWING SNOW,ICE/FROST,DAYLIGHT,NON-INJURY ACCIDENT (PROPERTY- DAMAGE-ONLY ACCIDENT),"SIDESWIPE, SAME DIRECTION",45.68607748,-110.5082047
C000011N,057+0.629,NOT IN CITY LIMITS,PARK,AUGUST,2017,20:53,THU,NON-JUNCTION,ON ROADWAY,CLOUDY,DRY,DARK-NOT LIGHTED,NON-INJURY ACCIDENT (PROPERTY- DAMAGE-ONLY ACCIDENT),WILD ANIMAL,45.68724197,-110.5056012
C000011N,057+0.717,,PARK,February,2015,16:07,MON,INTERSECTION,ROADSIDE LEFT,CLOUDY,DRY,DAYLIGHT,NON-INJURY ACCIDENT (PROPERTY- DAMAGE-ONLY ACCIDENT),FIXED OBJECT,45.68780464,-110.5039913
C000011N,057+0.890,,PARK,March,2016,0:55,SUN,NON-JUNCTION,ON ROADWAY,CLEAR,DRY,DARK-NOT LIGHTED,NON-INJURY ACCIDENT (PROPERTY- DAMAGE-ONLY ACCIDENT),FIXED OBJECT,45.68821202,-110.5005628
C000011N,057+1.013,,PARK,February,2016,9:40,THU,INTERSECTION-RELATED,SHOULDER,CLOUDY,DRY,DAYLIGHT,NON-INCAPACITATING EVIDENT INJURY ACCIDENT,FIXED OBJECT,45.68795149,-110.4979944
C000022E,000+0.597,LIVINGSTON,PARK,May,2013,15:29,THU,DRIVEWAY/ALLEY ACCESS RELATED,ON ROADWAY,CLEAR,DRY,DAYLIGHT,NON-INJURY ACCIDENT (PROPERTY- DAMAGE-ONLY ACCIDENT),RIGHT ANGLE,45.65735635,-110.5520009
C000024E,000+0.970,LIVINGSTON,PARK,May,2013,12:03,THU,NON-JUNCTION,ON ROADWAY,CLEAR,DRY,DAYLIGHT,NON-INJURY ACCIDENT (PROPERTY- DAMAGE-ONLY ACCIDENT),"SIDESWIPE, SAME DIRECTION",45.65868719,-110.5560533
C000028N,000+0.752,NOT IN CITY LIMITS,PARK,JULY,2017,2:40,WED,DRIVEWAY/ALLEY ACCESS RELATED,ROADSIDE LEFT,RAIN,WET,DARK-NOT LIGHTED,NON-INJURY ACCIDENT (PROPERTY- DAMAGE-ONLY ACCIDENT),FIXED OBJECT,45.00749143,-109.9880871
C000028N,001+0.443,,PARK,July,2016,20:10,SUN,NON-JUNCTION,ON ROADWAY,RAIN,WET,DAYLIGHT,INCAPACITATING INJURY ACCIDENT,"SIDESWIPE, OPPOSITE DIRECTION",45.01099006,-109.9753244
C000028N,001+0.543,NOT IN CITY LIMITS,PARK,AUGUST,2017,9:30,SAT,NON-JUNCTION,ROADSIDE RIGHT,CLEAR,DRY,DAYLIGHT,INCAPACITATING INJURY ACCIDENT,FIXED OBJECT,45.01213842,-109.9740643
C000028N,003+0.552,,PARK,March,2014,17:15,TUE,NON-JUNCTION,IN PARKING LANE OR ZONE,CLEAR,SNOW,DAYLIGHT,NON-INJURY ACCIDENT (PROPERTY- DAMAGE-ONLY ACCIDENT),FIXED OBJECT,45.01914284,-109.9363752
C000028N,003+0.595,,PARK,February,2016,23:00,FRI,NON-JUNCTION,ON ROADWAY,CLOUDY,ICE/FROST,DARK-LIGHTED,POSSIBLE INJURY ACCIDENT,FELL/ JUMPED FROM MOTOR VEHICLE,45.01927259,-109.935501
C000028N,003+0.781,,PARK,July,2015,13:30,SAT,NON-JUNCTION,OUTSIDE RIGHT-OF-WAY (TRAFFICWAY),CLEAR,DRY,DAYLIGHT,NON-INJURY ACCIDENT (PROPERTY- DAMAGE-ONLY ACCIDENT),FIXED OBJECT,45.02010492,-109.9319387
C000028N,004+0.341,,PARK,July,2014,16:45,SAT,NON-JUNCTION,SHOULDER,CLEAR,DRY,DAYLIGHT,INCAPACITATING INJURY ACCIDENT,ROLL OVER,45.02353462,-109.9215811
C000028N,005+0.852,,PARK,September,2015,12:35,TUE,NON-JUNCTION,ON ROADWAY,CLOUDY,DRY,DAYLIGHT,NON-INJURY ACCIDENT (PROPERTY- DAMAGE-ONLY ACCIDENT),WILD ANIMAL,45.02654167,-109.8924633
C000028N,007+0.000,,PARK,August,2016,7:00,FRI,NON-JUNCTION,ON ROADWAY,CLEAR,DRY,DAYLIGHT,NON-INJURY ACCIDENT (PROPERTY- DAMAGE-ONLY ACCIDENT),WILD ANIMAL,45.02303,-109.87839
C000028N,007+0.520,,PARK,July,2013,17:35,TUE,NON-JUNCTION,ROADSIDE RIGHT,CLEAR,DRY,DAYLIGHT,INCAPACITATING INJURY ACCIDENT,FIXED OBJECT,45.01751382,-109.8714065
C000028N,007+0.590,,PARK,July,2013,11:40,THU,NON-JUNCTION,ROADSIDE RIGHT,CLEAR,DRY,DAYLIGHT,NON-INJURY ACCIDENT (PROPERTY- DAMAGE-ONLY ACCIDENT),ROLL OVER,45.01642099,-109.8709898
C000028N,008+0.170,,PARK,July,2013,17:40,SAT,NON-JUNCTION,ROADSIDE RIGHT,CLOUDY,DRY,DAYLIGHT,INCAPACITATING INJURY ACCIDENT,FIXED OBJECT,45.00926636,-109.8654642
C000028N,008+0.340,,PARK,June,2015,16:10,SAT,NON-JUNCTION,ROADSIDE RIGHT,CLEAR,DRY,DAYLIGHT,INCAPACITATING INJURY ACCIDENT,ROLL OVER,45.0076852,-109.8629781
C000028N,008+0.340,,PARK,September,2016,15:40,SUN,NON-JUNCTION,ROADSIDE RIGHT,RAIN,WET,DAYLIGHT,INCAPACITATING INJURY ACCIDENT,FIXED OBJECT,45.0076706,-109.8629568
C000059N,000+0.422,,PARK,October,2014,15:31,WED,NON-JUNCTION,ON ROADWAY,CLEAR,DRY,DAYLIGHT,NON-INJURY ACCIDENT (PROPERTY- DAMAGE-ONLY ACCIDENT),WILD ANIMAL,45.71154,-110.46009
C000059N,001+0.010,NOT IN CITY LIMITS,PARK,JUNE,2017,7:15,TUE,NON-JUNCTION,ON ROADWAY,CLOUDY,DRY,DAYLIGHT,NON-INJURY ACCIDENT (PROPERTY- DAMAGE-ONLY ACCIDENT),ROLL OVER,45.7116146,-110.4602351
C000059N,001+0.357,,PARK,June,2016,21:40,MON,NON-JUNCTION,ON ROADWAY,CLOUDY,DRY,DAYLIGHT,NON-INJURY ACCIDENT (PROPERTY- DAMAGE-ONLY ACCIDENT),"SIDESWIPE, SAME DIRECTION",45.7153713,-110.4650319
C000059N,001+0.500,,PARK,March,2015,5:00,THU,NON-JUNCTION,ON ROADWAY,CLOUDY,WET,DARK-NOT LIGHTED,NON-INJURY ACCIDENT (PROPERTY- DAMAGE-ONLY ACCIDENT),FIXED OBJECT,45.71702421,-110.4665414
C000059N,001+0.519,,PARK,March,2014,11:50,MON,NON-JUNCTION,ON ROADWAY,RAIN,WET,DAYLIGHT,NON-INCAPACITATING EVIDENT INJURY ACCIDENT,FIXED OBJECT,45.71721132,-110.4668662
C000059N,001+0.519,,PARK,September,2015,10:35,THU,NON-JUNCTION,ON ROADWAY,CLEAR,DRY,DAYLIGHT,NON-INJURY ACCIDENT (PROPERTY- DAMAGE-ONLY ACCIDENT),FIXED OBJECT,45.71724093,-110.466924
C000059N,001+0.636,,PARK,March,2016,16:00,WED,NON-JUNCTION,SHOULDER,CLEAR,DRY,DAYLIGHT,NON-INJURY ACCIDENT (PROPERTY- DAMAGE-ONLY ACCIDENT),FIXED OBJECT,45.7187459,-110.4681468
C000059N,001+0.711,,PARK,July,2016,12:30,FRI,NON-JUNCTION,ON ROADWAY,CLEAR,DRY,DAYLIGHT,NON-INJURY ACCIDENT (PROPERTY- DAMAGE-ONLY ACCIDENT),WILD ANIMAL,45.71970672,-110.4687702
C000059N,001+0.730,,PARK,June,2014,19:20,WED,NON-JUNCTION,ON ROADWAY,CLOUDY,DRY,DAYLIGHT,NON-INCAPACITATING EVIDENT INJURY ACCIDENT,WILD ANIMAL,45.71990658,-110.4690412