MDT_CORRIDOR_ID,SMS_REFPOST_OFFSET,CITY,COUNTY,Month,Year,SMS_TIME,SMT_CRASH_OCC_DAY_OF_WEEK,JUNCTION_RELATED,ROADWAY_RELATED,WEATHER_COND,ROAD_COND,LIGHT_COND,CRASH_SEVERITY,COLLISION_TYPE,LATITUDE,LONGITUDE
C000059N,001+0.779,,PARK,January,2016,23:57,THU,NON-JUNCTION,ON ROADWAY,SNOW,SNOW,DARK-NOT LIGHTED,NON-INJURY ACCIDENT (PROPERTY- DAMAGE-ONLY ACCIDENT),WILD ANIMAL,45.7206153,-110.4693808
C000059N,002+0.608,NOT IN CITY LIMITS,PARK,MARCH,2017,19:20,FRI,NON-JUNCTION,ON ROADWAY,CLOUDY,DRY,DARK-NOT LIGHTED,NON-INJURY ACCIDENT (PROPERTY- DAMAGE-ONLY ACCIDENT),WILD ANIMAL,45.73212242,-110.4776888
C000059N,002+0.614,,PARK,March,2014,6:55,THU,NON-JUNCTION,ON ROADWAY,CLOUDY,DRY,DAWN,NON-INJURY ACCIDENT (PROPERTY- DAMAGE-ONLY ACCIDENT),WILD ANIMAL,45.73218833,-110.4777133
C000059N,002+0.614,,PARK,March,2015,13:52,THU,NON-JUNCTION,ON ROADWAY,CLEAR,DRY,DAYLIGHT,NON-INJURY ACCIDENT (PROPERTY- DAMAGE-ONLY ACCIDENT),WILD ANIMAL,45.73220333,-110.4777367
C000059N,003+0.373,,PARK,March,2014,20:35,SUN,NON-JUNCTION,ON ROADWAY,SNOW,SNOW,DARK-NOT LIGHTED,NON-INJURY ACCIDENT (PROPERTY- DAMAGE-ONLY ACCIDENT),ROLL OVER,45.74180106,-110.4850472
C000059N,003+0.416,,PARK,July,2016,19:30,THU,NON-JUNCTION,ON ROADWAY,CLOUDY,DRY,DAYLIGHT,NON-INJURY ACCIDENT (PROPERTY- DAMAGE-ONLY ACCIDENT),WILD ANIMAL,45.74225414,-110.4856033
C000059N,003+0.515,,PARK,October,2014,0:15,FRI,DRIVEWAY/ALLEY ACCESS RELATED,SHOULDER,CLEAR,DRY,DARK-NOT LIGHTED,NON-INCAPACITATING EVIDENT INJURY ACCIDENT,ROLL OVER,45.74346957,-110.4867797
C000059N,003+0.838,,PARK,September,2015,11:35,FRI,NON-JUNCTION,ON ROADWAY,CLEAR,DRY,DAYLIGHT,NON-INJURY ACCIDENT (PROPERTY- DAMAGE-ONLY ACCIDENT),"SIDESWIPE, OPPOSITE DIRECTION",45.74732382,-110.4904135
C000059N,003+0.857,NOT IN CITY LIMITS,PARK,JUNE,2017,9:15,WED,NON-JUNCTION,ON ROADWAY,CLEAR,DRY,DAYLIGHT,NON-INJURY ACCIDENT (PROPERTY- DAMAGE-ONLY ACCIDENT),REAR-END,45.74756726,-110.4907031
C000059N,003+0.860,,PARK,March,2013,9:15,SUN,NON-JUNCTION,ROADSIDE LEFT,SNOW,SNOW,DAYLIGHT,NON-INJURY ACCIDENT (PROPERTY- DAMAGE-ONLY ACCIDENT),FIXED OBJECT,45.747665,-110.49077
C000059N,003+0.992,,PARK,July,2014,21:45,FRI,NON-JUNCTION,ON ROADWAY,CLOUDY,DRY,DARK-NOT LIGHTED,NON-INJURY ACCIDENT (PROPERTY- DAMAGE-ONLY ACCIDENT),WILD ANIMAL,45.74923,-110.49215
C000059N,004+0.043,,PARK,August,2016,10:15,FRI,NON-JUNCTION,ROADSIDE RIGHT,CLEAR,DRY,DAYLIGHT,NON-INJURY ACCIDENT (PROPERTY- DAMAGE-ONLY ACCIDENT),REAR TO FRONT,45.7497699,-110.4925943
C000059N,004+0.068,NOT IN CITY LIMITS,PARK,MAY,2017,12:20,WED,NON-JUNCTION,ON ROADWAY,CLEAR,DRY,DAYLIGHT,NON-INJURY ACCIDENT (PROPERTY- DAMAGE-ONLY ACCIDENT),REAR-END,45.75016504,-110.4926729
C000059N,004+0.247,NOT IN CITY LIMITS,PARK,FEBRUARY,2017,0:20,THU,NON-JUNCTION,ROADSIDE RIGHT,CLOUDY,DRY,DARK-NOT LIGHTED,NON-INJURY ACCIDENT (PROPERTY- DAMAGE-ONLY ACCIDENT),ROLL OVER,45.75253712,-110.4940234
C000059N,004+0.320,,PARK,December,2013,9:00,THU,NON-JUNCTION,ON ROADWAY,CLEAR,ICE/FROST,DAYLIGHT,NON-INJURY ACCIDENT (PROPERTY- DAMAGE-ONLY ACCIDENT),REAR-END,45.75369726,-110.4946069
C000059N,004+0.452,NOT IN CITY LIMITS,PARK,NOVEMBER,2017,11:40,THU,NON-JUNCTION,ON ROADWAY,CLEAR,DRY,DAYLIGHT,NON-INJURY ACCIDENT (PROPERTY- DAMAGE-ONLY ACCIDENT),WILD ANIMAL,45.75539279,-110.4951053
C000059N,004+0.483,,PARK,April,2014,7:03,MON,NON-JUNCTION,ROADSIDE LEFT,CLOUDY,DRY,DAYLIGHT,NON-INCAPACITATING EVIDENT INJURY ACCIDENT,FIXED OBJECT,45.75583674,-110.4954982
C000059N,004+0.595,,PARK,March,2014,19:15,SUN,NON-JUNCTION,ON ROADWAY,SNOW,SNOW,DARK-NOT LIGHTED,NON-INJURY ACCIDENT (PROPERTY- DAMAGE-ONLY ACCIDENT),REAR-END,45.75731895,-110.4960683
C000059N,004+0.688,,PARK,August,2014,10:10,MON,INTERSECTION,ON ROADWAY,CLEAR,DRY,DAYLIGHT,NON-INJURY ACCIDENT (PROPERTY- DAMAGE-ONLY ACCIDENT),RIGHT ANGLE,45.75861328,-110.4966625
C000059N,004+0.979,,PARK,December,2016,19:00,SAT,NON-JUNCTION,ON ROADWAY,SNOW,ICE/FROST,DARK-NOT LIGHTED,NON-INJURY ACCIDENT (PROPERTY- DAMAGE-ONLY ACCIDENT),WILD ANIMAL,45.76264992,-110.4984042
C000059N,005+0.068,,PARK,April,2015,15:35,FRI,NON-JUNCTION,ON ROADWAY,CLOUDY,DRY,DAYLIGHT,NON-INJURY ACCIDENT (PROPERTY- DAMAGE-ONLY ACCIDENT),WILD ANIMAL,45.76380331,-110.4988166
C000059N,005+0.086,,PARK,March,2014,4:45,SUN,NON-JUNCTION,SHOULDER,CLOUDY,DRY,DARK-NOT LIGHTED,NON-INJURY ACCIDENT (PROPERTY- DAMAGE-ONLY ACCIDENT),FIXED OBJECT,45.76409102,-110.4989643
C000059N,005+0.118,,PARK,February,2015,8:02,THU,NON-JUNCTION,ON ROADWAY,CLOUDY,SNOW,DAYLIGHT,NON-INJURY ACCIDENT (PROPERTY- DAMAGE-ONLY ACCIDENT),"SIDESWIPE, OPPOSITE DIRECTION",45.76448724,-110.4990804
C000059N,005+0.372,NOT IN CITY LIMITS,PARK,MAY,2017,21:25,TUE,NON-JUNCTION,ON ROADWAY,CLEAR,MUD DIRT GRAVEL,DUSK,NON-INJURY ACCIDENT (PROPERTY- DAMAGE-ONLY ACCIDENT),WILD ANIMAL,45.76809011,-110.5005079
C000059N,005+0.533,,PARK,June,2016,0:00,WED,INTERSECTION,ON ROADWAY,CLEAR,DRY,DAYLIGHT,INCAPACITATING INJURY ACCIDENT,HEAD ON,45.77029897,-110.5014902
C000059N,005+0.558,LIVINGSTON,PARK,August,2014,6:50,FRI,NON-JUNCTION,ON ROADWAY,CLOUDY,WET,DAWN,NON-INJURY ACCIDENT (PROPERTY- DAMAGE-ONLY ACCIDENT),WILD ANIMAL,45.77060703,-110.5017715
C000059N,005+0.680,,PARK,November,2013,8:14,FRI,NON-JUNCTION,ON ROADWAY,CLEAR,ICE/FROST,DAYLIGHT,NON-INJURY ACCIDENT (PROPERTY- DAMAGE-ONLY ACCIDENT),"SIDESWIPE, SAME DIRECTION",45.77246488,-110.5024203
C000059N,006+0.011,,PARK,October,2014,20:08,MON,NON-JUNCTION,ON ROADWAY,CLOUDY,DRY,DARK-NOT LIGHTED,NON-INJURY ACCIDENT (PROPERTY- DAMAGE-ONLY ACCIDENT),ROLL OVER,45.77672004,-110.504244
C000059N,006+0.117,,PARK,October,2016,17:25,TUE,NON-JUNCTION,ROADSIDE RIGHT,CLOUDY,DRY,DAYLIGHT,NON-INCAPACITATING EVIDENT INJURY ACCIDENT,ROLL OVER,45.77814728,-110.5049055
C000059N,006+0.350,,PARK,September,2013,15:30,SUN,NON-JUNCTION,ON ROADWAY,CLOUDY,DRY,DAYLIGHT,NON-INJURY ACCIDENT (PROPERTY- DAMAGE-ONLY ACCIDENT),WILD ANIMAL,45.78143375,-110.506215
C000059N,006+0.420,,PARK,October,2015,8:00,THU,NON-JUNCTION,ON ROADWAY,CLOUDY,DRY,DAYLIGHT,NON-INJURY ACCIDENT (PROPERTY- DAMAGE-ONLY ACCIDENT),WILD ANIMAL,45.78239151,-110.5065635
C000059N,006+0.581,NOT IN CITY LIMITS,PARK,JANUARY,2017,18:45,SAT,NON-JUNCTION,ROADSIDE RIGHT,CLEAR,DRY,DARK-NOT LIGHTED,NON-INJURY ACCIDENT (PROPERTY- DAMAGE-ONLY ACCIDENT),ROLL OVER,45.78461074,-110.5075964
C000059N,006+0.731,,PARK,December,2015,0:07,SUN,NON-JUNCTION,ROADSIDE RIGHT,CLEAR,DRY,DARK-NOT LIGHTED,FATAL ACCIDENT,ROLL OVER,45.78669216,-110.5083899
C000059N,006+0.823,NOT IN CITY LIMITS,PARK,NOVEMBER,2017,17:10,WED,NON-JUNCTION,ON ROADWAY,CLOUDY,DRY,DARK-NOT LIGHTED,NON-INJURY ACCIDENT (PROPERTY- DAMAGE-ONLY ACCIDENT),WILD ANIMAL,45.78799756,-110.5090525
C000059N,007+0.003,,PARK,July,2016,17:45,FRI,NON-JUNCTION,ON ROADWAY,CLOUDY,DRY,DAYLIGHT,NON-INJURY ACCIDENT (PROPERTY- DAMAGE-ONLY ACCIDENT),REAR-END,45.79047,-110.51002
C000059N,007+0.027,,PARK,January,2014,7:15,MON,NON-JUNCTION,ON ROADWAY,CLOUDY,DRY,DAWN,NON-INJURY ACCIDENT (PROPERTY- DAMAGE-ONLY ACCIDENT),WILD ANIMAL,45.79088167,-110.51016
C000059N,007+0.039,,PARK,March,2014,23:45,TUE,NON-JUNCTION,ON ROADWAY,CLEAR,DRY,DARK-NOT LIGHTED,NON-INJURY ACCIDENT (PROPERTY- DAMAGE-ONLY ACCIDENT),WILD ANIMAL,45.79099174,-110.5102409
C000059N,007+0.349,,PARK,July,2016,8:12,FRI,NON-JUNCTION,ON ROADWAY,CLEAR,DRY,DAYLIGHT,NON-INCAPACITATING EVIDENT INJURY ACCIDENT,WILD ANIMAL,45.79507999,-110.5126384
C000059N,007+0.393,,PARK,September,2014,8:55,THU,NON-JUNCTION,ON ROADWAY,CLEAR,DRY,DARK-NOT LIGHTED,NON-INCAPACITATING EVIDENT INJURY ACCIDENT,WILD ANIMAL,45.79562944,-110.5131506
C000059N,007+0.500,,PARK,November,2013,18:30,SAT,NON-JUNCTION,ON ROADWAY,CLEAR,DRY,DARK-NOT LIGHTED,NON-INJURY ACCIDENT (PROPERTY- DAMAGE-ONLY ACCIDENT),WILD ANIMAL,45.79673594,-110.5148991
C000059N,007+0.573,,PARK,March,2015,20:12,FRI,NON-JUNCTION,ON ROADWAY,CLOUDY,DRY,DARK-NOT LIGHTED,NON-INJURY ACCIDENT (PROPERTY- DAMAGE-ONLY ACCIDENT),WILD ANIMAL,45.79735746,-110.5159987
C000059N,007+0.579,,PARK,September,2014,19:58,THU,NON-JUNCTION,ON ROADWAY,CLEAR,DRY,DUSK,NON-INJURY ACCIDENT (PROPERTY- DAMAGE-ONLY ACCIDENT),WILD ANIMAL,45.79747019,-110.5160056
C000059N,007+0.579,,PARK,October,2014,0:00,THU,NON-JUNCTION,ON ROADWAY,CLEAR,DRY,DAYLIGHT,NON-INJURY ACCIDENT (PROPERTY- DAMAGE-ONLY ACCIDENT),WILD ANIMAL,45.79751007,-110.5158522
C000059N,007+0.680,,PARK,September,2013,6:50,MON,NON-JUNCTION,ON ROADWAY,CLEAR,DRY,DAWN,NON-INJURY ACCIDENT (PROPERTY- DAMAGE-ONLY ACCIDENT),WILD ANIMAL,45.79848449,-110.517638
C000059N,007+0.920,,PARK,March,2013,18:20,SAT,NON-JUNCTION,ON ROADWAY,CLEAR,DRY,DUSK,NON-INJURY ACCIDENT (PROPERTY- DAMAGE-ONLY ACCIDENT),WILD ANIMAL,45.80079667,-110.52128
C000059N,007+0.951,,PARK,December,2014,7:30,WED,NON-JUNCTION,ON ROADWAY,CLOUDY,ICE/FROST,DAYLIGHT,NON-INJURY ACCIDENT (PROPERTY- DAMAGE-ONLY ACCIDENT),WILD ANIMAL,45.80102186,-110.5217771
C000059N,007+0.969,,PARK,May,2015,16:00,MON,NON-JUNCTION,ON ROADWAY,CLOUDY,DRY,DAYLIGHT,INCAPACITATING INJURY ACCIDENT,WILD ANIMAL,45.80118924,-110.5220299
C000059N,007+0.989,NOT IN CITY LIMITS,PARK,DECEMBER,2017,7:20,FRI,NON-JUNCTION,ON ROADWAY,CLEAR,DRY,DAWN,NON-INJURY ACCIDENT (PROPERTY- DAMAGE-ONLY ACCIDENT),WILD ANIMAL,45.80141003,-110.5222196
C000059N,007+1.013,,PARK,April,2015,21:20,WED,NON-JUNCTION,ON ROADWAY,CLEAR,DRY,DARK-NOT LIGHTED,NON-INJURY ACCIDENT (PROPERTY- DAMAGE-ONLY ACCIDENT),WILD ANIMAL,45.80167,-110.5227
C000059N,007+1.013,,PARK,September,2016,19:38,TUE,NON-JUNCTION,ON ROADWAY,CLOUDY,WET,DARK-NOT LIGHTED,NON-INJURY ACCIDENT (PROPERTY- DAMAGE-ONLY ACCIDENT),WILD ANIMAL,45.80167,-110.5227
C000059N,008+0.080,,PARK,July,2013,21:15,MON,NON-JUNCTION,ON ROADWAY,CLEAR,DRY,DAYLIGHT,NON-INJURY ACCIDENT (PROPERTY- DAMAGE-ONLY ACCIDENT),WILD ANIMAL,45.80251769,-110.5240379
C000059N,008+0.252,,PARK,November,2016,6:55,THU,NON-JUNCTION,ON ROADWAY,CLEAR,DRY,DAWN,NON-INJURY ACCIDENT (PROPERTY- DAMAGE-ONLY ACCIDENT),WILD ANIMAL,45.80404612,-110.5266584
C000059N,008+0.277,,PARK,August,2016,7:07,MON,NON-JUNCTION,ON ROADWAY,CLEAR,DRY,DAYLIGHT,NON-INJURY ACCIDENT (PROPERTY- DAMAGE-ONLY ACCIDENT),WILD ANIMAL,45.80430097,-110.5269896
C000059N,008+0.530,,PARK,November,2013,17:10,MON,NON-JUNCTION,ON ROADWAY,CLOUDY,DRY,DARK-NOT LIGHTED,NON-INJURY ACCIDENT (PROPERTY- DAMAGE-ONLY ACCIDENT),WILD ANIMAL,45.80683201,-110.5308529
C000059N,008+0.606,,PARK,April,2016,0:00,FRI,NON-JUNCTION,ROADSIDE RIGHT,CLEAR,DRY,DAYLIGHT,NON-INJURY ACCIDENT (PROPERTY- DAMAGE-ONLY ACCIDENT),FIXED OBJECT,45.80747987,-110.532108
C000059N,008+0.779,,PARK,November,2016,17:32,MON,NON-JUNCTION,ON ROADWAY,CLOUDY,SNOW,DARK-NOT LIGHTED,NON-INJURY ACCIDENT (PROPERTY- DAMAGE-ONLY ACCIDENT),WILD ANIMAL,45.80914661,-110.5347926
C000059N,009+0.170,NOT IN CITY LIMITS,PARK,NOVEMBER,2017,17:10,WED,NON-JUNCTION,ON ROADWAY,CLOUDY,DRY,DARK-NOT LIGHTED,NON-INJURY ACCIDENT (PROPERTY- DAMAGE-ONLY ACCIDENT),WILD ANIMAL,45.81205515,-110.5392885
C000059N,009+0.450,,PARK,January,2013,17:30,SAT,NON-JUNCTION,ON ROADWAY,CLEAR,DRY,DARK-NOT LIGHTED,NON-INJURY ACCIDENT (PROPERTY- DAMAGE-ONLY ACCIDENT),WILD ANIMAL,45.81471167,-110.54375
C000059N,009+0.977,NOT IN CITY LIMITS,PARK,NOVEMBER,2017,17:48,WED,NON-JUNCTION,ON ROADWAY,CLOUDY,DRY,DARK-NOT LIGHTED,POSSIBLE INJURY ACCIDENT,WILD ANIMAL,45.81980408,-110.5517365
C000059N,009+1.032,NOT IN CITY LIMITS,PARK,JULY,2017,7:54,MON,NON-JUNCTION,ON ROADWAY,CLEAR,DRY,DAYLIGHT,NON-INJURY ACCIDENT (PROPERTY- DAMAGE-ONLY ACCIDENT),WILD ANIMAL,45.82028305,-110.5527178
C000059N,009+1.076,,PARK,December,2016,7:20,FRI,NON-JUNCTION,ON ROADWAY,CLOUDY,DRY,DAYLIGHT,NON-INJURY ACCIDENT (PROPERTY- DAMAGE-ONLY ACCIDENT),WILD ANIMAL,45.82075398,-110.5533442
C000059N,010+0.061,,PARK,September,2016,23:30,FRI,NON-JUNCTION,ON ROADWAY,CLOUDY,DRY,DARK-NOT LIGHTED,NON-INJURY ACCIDENT (PROPERTY- DAMAGE-ONLY ACCIDENT),WILD ANIMAL,45.8213212,-110.5543514
C000059N,010+0.514,,PARK,February,2015,9:31,MON,NON-JUNCTION,ROADSIDE RIGHT,CLOUDY,ICE/FROST,DAYLIGHT,NON-INJURY ACCIDENT (PROPERTY- DAMAGE-ONLY ACCIDENT),FIXED OBJECT,45.82671708,-110.559671
C000059N,010+0.824,,PARK,February,2014,17:10,THU,NON-JUNCTION,ON ROADWAY,CLOUDY,DRY,DAYLIGHT,NON-INJURY ACCIDENT (PROPERTY- DAMAGE-ONLY ACCIDENT),WILD ANIMAL,45.83044698,-110.5631044
C000059N,011+0.010,,PARK,June,2016,16:10,WED,NON-JUNCTION,ON ROADWAY,CLOUDY,DRY,DAYLIGHT,NON-INJURY ACCIDENT (PROPERTY- DAMAGE-ONLY ACCIDENT),REAR-END,45.83266997,-110.5650695
C000059N,011+0.022,,PARK,August,2015,1:15,THU,NON-JUNCTION,ON ROADWAY,CLEAR,DRY,DARK-NOT LIGHTED,NON-INJURY ACCIDENT (PROPERTY- DAMAGE-ONLY ACCIDENT),WILD ANIMAL,45.83280333,-110.5652017
C000059N,011+0.110,,PARK,September,2013,15:53,FRI,NON-JUNCTION,ON ROADWAY,CLEAR,DRY,DAYLIGHT,NON-INJURY ACCIDENT (PROPERTY- DAMAGE-ONLY ACCIDENT),WILD ANIMAL,45.83391317,-110.5661775
C000059N,011+0.153,,PARK,March,2015,17:15,MON,NON-JUNCTION,ON ROADWAY,CLOUDY,DRY,DAYLIGHT,NON-INJURY ACCIDENT (PROPERTY- DAMAGE-ONLY ACCIDENT),WILD ANIMAL,45.83443437,-110.5666029
C000059N,011+0.340,,PARK,November,2013,17:00,THU,NON-JUNCTION,ON ROADWAY,CLEAR,DRY,DARK-NOT LIGHTED,NON-INJURY ACCIDENT (PROPERTY- DAMAGE-ONLY ACCIDENT),REAR-END,45.83676833,-110.5688667
C000059N,011+0.538,NOT IN CITY LIMITS,PARK,APRIL,2017,6:25,SAT,NON-JUNCTION,ROADSIDE LEFT,CLEAR,DRY,DAYLIGHT,INCAPACITATING INJURY ACCIDENT,ROLL OVER,45.83914448,-110.5710028
C000059N,011+0.581,,PARK,December,2015,17:10,FRI,NON-JUNCTION,ON ROADWAY,CLOUDY,DRY,DARK-NOT LIGHTED,NON-INJURY ACCIDENT (PROPERTY- DAMAGE-ONLY ACCIDENT),WILD ANIMAL,45.83969727,-110.5713524
C000059N,011+0.804,,PARK,August,2014,19:25,SUN,NON-JUNCTION,ON ROADWAY,CLEAR,DRY,DAYLIGHT,NON-INJURY ACCIDENT (PROPERTY- DAMAGE-ONLY ACCIDENT),WILD ANIMAL,45.84235304,-110.573889
C000059N,011+0.841,,PARK,June,2015,20:55,MON,NON-JUNCTION,ON ROADWAY,CLOUDY,DRY,DAYLIGHT,NON-INJURY ACCIDENT (PROPERTY- DAMAGE-ONLY ACCIDENT),WILD ANIMAL,45.84277207,-110.5743206
C000059N,011+0.950,,PARK,January,2013,7:00,THU,NON-JUNCTION,ON ROADWAY,CLEAR,DRY,DAWN,NON-INJURY ACCIDENT (PROPERTY- DAMAGE-ONLY ACCIDENT),WILD ANIMAL,45.84417667,-110.5755783
C000059N,011+1.003,LIVINGSTON,PARK,August,2014,20:45,FRI,NON-JUNCTION,ON ROADWAY,CLEAR,DRY,DUSK,NON-INJURY ACCIDENT (PROPERTY- DAMAGE-ONLY ACCIDENT),WILD ANIMAL,45.84483759,-110.5760771
C000059N,012+0.005,,PARK,January,2014,16:41,FRI,NON-JUNCTION,ON ROADWAY,CLEAR,DRY,DAYLIGHT,NON-INJURY ACCIDENT (PROPERTY- DAMAGE-ONLY ACCIDENT),WILD ANIMAL,45.8448911,-110.5761912
C000059N,012+0.029,,PARK,November,2014,18:05,TUE,NON-JUNCTION,ON ROADWAY,SNOW,SNOW,DARK-NOT LIGHTED,NON-INJURY ACCIDENT (PROPERTY- DAMAGE-ONLY ACCIDENT),WILD ANIMAL,45.8451825,-110.5763913
C000059N,012+0.036,,PARK,December,2015,12:20,SAT,NON-JUNCTION,ON ROADWAY,CLEAR,DRY,DAYLIGHT,NON-INJURY ACCIDENT (PROPERTY- DAMAGE-ONLY ACCIDENT),WILD ANIMAL,45.84525136,-110.5763957
C000059N,012+0.203,,PARK,July,2016,9:55,THU,NON-JUNCTION,ON ROADWAY,CLEAR,DRY,DAYLIGHT,NON-INJURY ACCIDENT (PROPERTY- DAMAGE-ONLY ACCIDENT),WILD ANIMAL,45.84725534,-110.5783567
C000059N,012+0.308,,PARK,April,2014,7:32,SUN,NON-JUNCTION,ON ROADWAY,CLEAR,WET,DAYLIGHT,NON-INJURY ACCIDENT (PROPERTY- DAMAGE-ONLY ACCIDENT),WILD ANIMAL,45.84859792,-110.5794743
C000059N,012+0.640,,PARK,July,2013,14:00,SUN,NON-JUNCTION,ON ROADWAY,CLEAR,DRY,DAYLIGHT,NON-INJURY ACCIDENT (PROPERTY- DAMAGE-ONLY ACCIDENT),WILD ANIMAL,45.852685,-110.58315
C000059N,012+0.712,,PARK,February,2016,18:25,WED,NON-JUNCTION,ON ROADWAY,CLOUDY,DRY,DARK-NOT LIGHTED,NON-INJURY ACCIDENT (PROPERTY- DAMAGE-ONLY ACCIDENT),WILD ANIMAL,45.85349573,-110.5840645
C000059N,013+0.133,,PARK,November,2016,7:00,FRI,NON-JUNCTION,ON ROADWAY,CLEAR,DRY,DAWN,NON-INJURY ACCIDENT (PROPERTY- DAMAGE-ONLY ACCIDENT),WILD ANIMAL,45.85850478,-110.5888496
C000059N,013+0.312,,PARK,August,2016,20:42,TUE,NON-JUNCTION,ON ROADWAY,CLEAR,DRY,DUSK,NON-INJURY ACCIDENT (PROPERTY- DAMAGE-ONLY ACCIDENT),WILD ANIMAL,45.86060877,-110.5909762
C000059N,013+0.430,,PARK,June,2014,2:45,SAT,NON-JUNCTION,OUTSIDE RIGHT-OF-WAY (TRAFFICWAY),CLOUDY,DRY,DARK-NOT LIGHTED,NON-INJURY ACCIDENT (PROPERTY- DAMAGE-ONLY ACCIDENT),ROLL OVER,45.86201546,-110.5924081
C000059N,013+0.691,NOT IN CITY LIMITS,PARK,OCTOBER,2017,6:30,SUN,NON-JUNCTION,ON ROADWAY,CLOUDY,DRY,UNKNOWN,NON-INJURY ACCIDENT (PROPERTY- DAMAGE-ONLY ACCIDENT),WILD ANIMAL,45.86498507,-110.5956993
C000059N,013+0.784,,PARK,August,2014,20:05,SAT,NON-JUNCTION,ON ROADWAY,RAIN,WET,DARK-NOT LIGHTED,NON-INJURY ACCIDENT (PROPERTY- DAMAGE-ONLY ACCIDENT),WILD ANIMAL,45.8660208,-110.5969013
C000059N,013+0.784,NOT IN CITY LIMITS,PARK,OCTOBER,2017,7:00,FRI,NON-JUNCTION,ON ROADWAY,CLEAR,DRY,DAYLIGHT,NON-INJURY ACCIDENT (PROPERTY- DAMAGE-ONLY ACCIDENT),WILD ANIMAL,45.86603555,-110.5968639
C000059N,013+0.871,,PARK,August,2014,5:45,MON,NON-JUNCTION,ON ROADWAY,CLEAR,DRY,DAWN,NON-INCAPACITATING EVIDENT INJURY ACCIDENT,WILD ANIMAL,45.86716037,-110.597586
C000059N,013+0.945,,PARK,August,2015,19:38,TUE,NON-JUNCTION,ON ROADWAY,CLEAR,DRY,DAYLIGHT,NON-INJURY ACCIDENT (PROPERTY- DAMAGE-ONLY ACCIDENT),WILD ANIMAL,45.86814904,-110.5982862
C000059N,014+0.039,,PARK,December,2014,6:20,WED,NON-JUNCTION,ON ROADWAY,CLOUDY,DRY,DARK-NOT LIGHTED,NON-INJURY ACCIDENT (PROPERTY- DAMAGE-ONLY ACCIDENT),WILD ANIMAL,45.86876708,-110.5986304
C000059N,014+0.470,,PARK,October,2013,19:30,THU,NON-JUNCTION,ON ROADWAY,CLEAR,DRY,DARK-NOT LIGHTED,NON-INJURY ACCIDENT (PROPERTY- DAMAGE-ONLY ACCIDENT),WILD ANIMAL,45.87448696,-110.6026106
C000059N,014+0.498,,PARK,May,2014,10:55,FRI,NON-JUNCTION,ON ROADWAY,CLEAR,DRY,DAYLIGHT,NON-INCAPACITATING EVIDENT INJURY ACCIDENT,REAR-END,45.87475721,-110.6025851
C000059N,014+0.852,,PARK,June,2015,22:00,MON,NON-JUNCTION,ON ROADWAY,CLOUDY,DRY,DARK-NOT LIGHTED,NON-INJURY ACCIDENT (PROPERTY- DAMAGE-ONLY ACCIDENT),WILD ANIMAL,45.87974509,-110.6041714
C000059N,015+0.269,CLYDE PARK,PARK,March,2015,17:30,FRI,NON-JUNCTION,ON ROADWAY,CLEAR,DRY,DAYLIGHT,NON-INJURY ACCIDENT (PROPERTY- DAMAGE-ONLY ACCIDENT),DOMESTIC ANIMAL,45.88652867,-110.6040944
C000059N,016+0.720,,PARK,November,2013,8:00,SAT,NON-JUNCTION,ON ROADWAY,CLEAR,DRY,DAYLIGHT,NON-INJURY ACCIDENT (PROPERTY- DAMAGE-ONLY ACCIDENT),WILD ANIMAL,45.9057948,-110.6132801
C000059N,016+0.864,NOT IN CITY LIMITS,PARK,NOVEMBER,2017,17:30,THU,NON-JUNCTION,ON ROADWAY,CLOUDY,DRY,DARK-NOT LIGHTED,NON-INJURY ACCIDENT (PROPERTY- DAMAGE-ONLY ACCIDENT),WILD ANIMAL,45.9071789,-110.615302
C000059N,018+0.030,,PARK,August,2013,19:45,TUE,NON-JUNCTION,ON ROADWAY,CLEAR,DRY,DAYLIGHT,NON-INJURY ACCIDENT (PROPERTY- DAMAGE-ONLY ACCIDENT),WILD ANIMAL,45.92131516,-110.6236767
C000059N,018+0.111,,PARK,September,2016,20:25,TUE,NON-JUNCTION,ON ROADWAY,CLOUDY,DRY,DARK-NOT LIGHTED,NON-INJURY ACCIDENT (PROPERTY- DAMAGE-ONLY ACCIDENT),WILD ANIMAL,45.9224082,-110.6240308