MDT_CORRIDOR_ID,SMS_REFPOST_OFFSET,CITY,COUNTY,Month,Year,SMS_TIME,SMT_CRASH_OCC_DAY_OF_WEEK,JUNCTION_RELATED,ROADWAY_RELATED,WEATHER_COND,ROAD_COND,LIGHT_COND,CRASH_SEVERITY,COLLISION_TYPE,LATITUDE,LONGITUDE
C000059N,018+0.558,NOT IN CITY LIMITS,PARK,DECEMBER,2017,18:50,WED,NON-JUNCTION,ON ROADWAY,CLOUDY,DRY,DARK-NOT LIGHTED,NON-INJURY ACCIDENT (PROPERTY- DAMAGE-ONLY ACCIDENT),WILD ANIMAL,45.92856349,-110.6266148
C000059N,018+0.589,,PARK,February,2016,9:30,THU,DRIVEWAY/ALLEY ACCESS RELATED,ON ROADWAY,CLOUDY,DRY,DAYLIGHT,FATAL ACCIDENT,RIGHT ANGLE,45.92906062,-110.6267093
C000059N,018+0.602,NOT IN CITY LIMITS,PARK,DECEMBER,2017,6:55,SAT,NON-JUNCTION,ON ROADWAY,CLOUDY,DRY,DAWN,NON-INJURY ACCIDENT (PROPERTY- DAMAGE-ONLY ACCIDENT),WILD ANIMAL,45.92917328,-110.6267161
C000059N,018+0.830,,PARK,December,2013,7:00,MON,NON-JUNCTION,ON ROADWAY,CLEAR,DRY,DARK-NOT LIGHTED,NON-INJURY ACCIDENT (PROPERTY- DAMAGE-ONLY ACCIDENT),WILD ANIMAL,45.93245178,-110.6281368
C000059N,018+0.856,,PARK,January,2016,18:20,THU,NON-JUNCTION,ON ROADWAY,CLOUDY,DRY,DARK-NOT LIGHTED,NON-INJURY ACCIDENT (PROPERTY- DAMAGE-ONLY ACCIDENT),WILD ANIMAL,45.93271136,-110.628253
C000059N,018+0.930,,PARK,November,2013,6:45,FRI,NON-JUNCTION,ON ROADWAY,CLOUDY,DRY,DARK-NOT LIGHTED,NON-INJURY ACCIDENT (PROPERTY- DAMAGE-ONLY ACCIDENT),WILD ANIMAL,45.93385483,-110.6286232
C000059N,019+0.301,,PARK,March,2014,22:50,WED,NON-JUNCTION,ON ROADWAY,CLOUDY,DRY,DARK-NOT LIGHTED,NON-INJURY ACCIDENT (PROPERTY- DAMAGE-ONLY ACCIDENT),WILD ANIMAL,45.93997667,-110.6313067
C000059N,020+0.002,NOT IN CITY LIMITS,PARK,DECEMBER,2017,21:30,SAT,NON-JUNCTION,ON ROADWAY,SNOW,ICE/FROST,DARK-NOT LIGHTED,NON-INJURY ACCIDENT (PROPERTY- DAMAGE-ONLY ACCIDENT),DOMESTIC ANIMAL,45.94857,-110.63609
C000059N,020+0.225,,PARK,December,2016,7:00,THU,NON-JUNCTION,ON ROADWAY,CLEAR,SNOW,DAYLIGHT,NON-INJURY ACCIDENT (PROPERTY- DAMAGE-ONLY ACCIDENT),WILD ANIMAL,45.95158623,-110.6378419
C000059N,020+0.814,NOT IN CITY LIMITS,PARK,OCTOBER,2017,22:00,MON,INTERSECTION-RELATED,ROADSIDE LEFT,CLEAR,DRY,DARK-NOT LIGHTED,INCAPACITATING INJURY ACCIDENT,FIXED OBJECT,45.95960728,-110.6420231
C000059N,020+1.038,,PARK,September,2016,20:23,TUE,NON-JUNCTION,ON ROADWAY,CLEAR,DRY,DARK-NOT LIGHTED,NON-INJURY ACCIDENT (PROPERTY- DAMAGE-ONLY ACCIDENT),WILD ANIMAL,45.96262,-110.64382
C000059N,021+0.060,,PARK,September,2015,22:50,MON,NON-JUNCTION,ON ROADWAY,CLOUDY,DRY,DARK-NOT LIGHTED,NON-INJURY ACCIDENT (PROPERTY- DAMAGE-ONLY ACCIDENT),WILD ANIMAL,45.96340699,-110.6442419
C000059N,021+0.308,,PARK,December,2014,10:00,TUE,NON-JUNCTION,ON ROADWAY,CLOUDY,ICE/FROST,DAYLIGHT,NON-INJURY ACCIDENT (PROPERTY- DAMAGE-ONLY ACCIDENT),WILD ANIMAL,45.96678036,-110.6461139
C000059N,022+0.093,,PARK,December,2015,7:00,FRI,NON-JUNCTION,ON ROADWAY,CLEAR,DRY,DARK-NOT LIGHTED,NON-INJURY ACCIDENT (PROPERTY- DAMAGE-ONLY ACCIDENT),WILD ANIMAL,45.97458727,-110.6502598
C000059N,023+0.420,,PARK,August,2015,16:30,TUE,NON-JUNCTION,ON ROADWAY,CLEAR,DRY,DAYLIGHT,NON-INJURY ACCIDENT (PROPERTY- DAMAGE-ONLY ACCIDENT),RIGHT ANGLE,45.99250823,-110.6602285
C000059N,023+0.476,,PARK,September,2014,0:00,THU,DRIVEWAY/ALLEY ACCESS RELATED,OUTSIDE RIGHT-OF-WAY (TRAFFICWAY),CLEAR,DRY,DAYLIGHT,NON-INJURY ACCIDENT (PROPERTY- DAMAGE-ONLY ACCIDENT),FIXED OBJECT,45.99328667,-110.6605767
C000059N,024+0.595,,PARK,March,2015,8:55,SAT,NON-JUNCTION,SHOULDER,CLOUDY,DRY,DAYLIGHT,NON-INJURY ACCIDENT (PROPERTY- DAMAGE-ONLY ACCIDENT),ROLL OVER,46.00924133,-110.6624295
C000059N,025+0.036,NOT IN CITY LIMITS,PARK,MARCH,2017,6:30,WED,NON-JUNCTION,ON ROADWAY,CLOUDY,DRY,DAWN,NON-INJURY ACCIDENT (PROPERTY- DAMAGE-ONLY ACCIDENT),WILD ANIMAL,46.01503123,-110.6661048
C000059N,026+0.755,,PARK,May,2015,22:00,THU,NON-JUNCTION,ON ROADWAY,CLEAR,DRY,DAYLIGHT,NON-INCAPACITATING EVIDENT INJURY ACCIDENT,DOMESTIC ANIMAL,46.03724535,-110.6822388
C000059N,032+0.242,NOT IN CITY LIMITS,PARK,JANUARY,2017,9:15,TUE,NON-JUNCTION,ROADSIDE RIGHT,BLOWING SNOW,SNOW,DAYLIGHT,NON-INJURY ACCIDENT (PROPERTY- DAMAGE-ONLY ACCIDENT),FIXED OBJECT,46.10916058,-110.7295179
C000059N,032+0.478,NOT IN CITY LIMITS,PARK,NOVEMBER,2017,20:30,TUE,NON-JUNCTION,ROADSIDE RIGHT,CLOUDY,DRY,DARK-NOT LIGHTED,NON-INJURY ACCIDENT (PROPERTY- DAMAGE-ONLY ACCIDENT),FIXED OBJECT,46.11256731,-110.7295352
C000059N,032+1.018,,PARK,April,2016,20:23,SUN,NON-JUNCTION,ROADSIDE LEFT,CLEAR,DRY,DUSK,INCAPACITATING INJURY ACCIDENT,ROLL OVER,46.12041,-110.7295
C000059N,033+0.059,,PARK,November,2015,11:16,WED,NON-JUNCTION,SHOULDER,CLOUDY,ICE/FROST,DAYLIGHT,NON-INJURY ACCIDENT (PROPERTY- DAMAGE-ONLY ACCIDENT),FIXED OBJECT,46.12123822,-110.7294558
C000059N,035+0.055,,PARK,August,2015,3:00,SAT,NON-JUNCTION,ROADSIDE LEFT,CLOUDY,DRY,DARK-NOT LIGHTED,POSSIBLE INJURY ACCIDENT,ROLL OVER,46.14852683,-110.7319506
C000059N,036+0.203,,PARK,June,2016,19:00,SAT,NON-JUNCTION,ROADSIDE RIGHT,CLEAR,DRY,DAYLIGHT,POSSIBLE INJURY ACCIDENT,ROLL OVER,46.16545143,-110.7319277
C000060N,004+0.000,,PARK,November,2013,7:37,SAT,NON-JUNCTION,ON ROADWAY,CLEAR,DRY,DARK-NOT LIGHTED,INCAPACITATING INJURY ACCIDENT,BICYCLE,45.75730413,-110.4960472
C000086N,033+0.883,,PARK,March,2014,7:37,MON,NON-JUNCTION,ON ROADWAY,CLOUDY,DRY,DAYLIGHT,NON-INJURY ACCIDENT (PROPERTY- DAMAGE-ONLY ACCIDENT),WILD ANIMAL,45.99316534,-110.7321879
C000086N,034+0.501,,PARK,August,2014,20:57,FRI,NON-JUNCTION,ON ROADWAY,CLOUDY,DRY,DARK-NOT LIGHTED,NON-INJURY ACCIDENT (PROPERTY- DAMAGE-ONLY ACCIDENT),WILD ANIMAL,45.99273166,-110.7194496
C000086N,034+0.992,NOT IN CITY LIMITS,PARK,SEPTEMBER,2017,19:35,MON,NON-JUNCTION,ON ROADWAY,RAIN,WET,DARK-NOT LIGHTED,NON-INJURY ACCIDENT (PROPERTY- DAMAGE-ONLY ACCIDENT),WILD ANIMAL,45.99274,-110.70925
C000086N,037+0.656,NOT IN CITY LIMITS,PARK,JUNE,2017,11:45,MON,INTERSECTION-RELATED,ROADSIDE LEFT,CLEAR,DRY,DAYLIGHT,NON-INJURY ACCIDENT (PROPERTY- DAMAGE-ONLY ACCIDENT),FIXED OBJECT,46.01307881,-110.6647125
C000090E,324+0.509,,PARK,April,2015,23:55,TUE,ENTRANCE/EXIT RAMP,MEDIAN,CLEAR,DRY,DARK-NOT LIGHTED,FATAL ACCIDENT,FIXED OBJECT,45.661981,-110.7416995
C000090E,335+0.651,,PARK,October,2014,5:34,TUE,NON-JUNCTION,ON ROADWAY,CLEAR,DRY,DARK-NOT LIGHTED,POSSIBLE INJURY ACCIDENT,WILD ANIMAL,45.66293939,-110.52886
C000090E,321+0.790,,PARK,April,2013,8:30,MON,NON-JUNCTION,SHOULDER,SNOW,SNOW,DAYLIGHT,NON-INJURY ACCIDENT (PROPERTY- DAMAGE-ONLY ACCIDENT),FIXED OBJECT,45.66318667,-110.7945
C000090E,321+0.818,,PARK,May,2015,7:45,THU,NON-JUNCTION,ON ROADWAY,SNOW,SLUSH,DAYLIGHT,NON-INJURY ACCIDENT (PROPERTY- DAMAGE-ONLY ACCIDENT),FIXED OBJECT,45.66256028,-110.7939738
C000090E,321+0.818,,PARK,April,2016,17:28,WED,NON-JUNCTION,ROADSIDE RIGHT,SNOW,WET,DAYLIGHT,NON-INJURY ACCIDENT (PROPERTY- DAMAGE-ONLY ACCIDENT),FIXED OBJECT,45.66255158,-110.7940616
C000090E,321+0.820,,PARK,October,2013,23:25,THU,NON-JUNCTION,SHOULDER,CLEAR,ICE/FROST,DARK-NOT LIGHTED,NON-INJURY ACCIDENT (PROPERTY- DAMAGE-ONLY ACCIDENT),FIXED OBJECT,45.66304514,-110.7937807
C000090E,321+0.824,,PARK,December,2014,18:40,SUN,NON-JUNCTION,ON ROADWAY,CLOUDY,ICE/FROST,DARK-NOT LIGHTED,NON-INCAPACITATING EVIDENT INJURY ACCIDENT,"SIDESWIPE, SAME DIRECTION",45.66252784,-110.7939208
C000090E,321+0.824,,PARK,August,2016,10:20,SAT,NON-JUNCTION,MEDIAN,CLEAR,DRY,DAYLIGHT,NON-INCAPACITATING EVIDENT INJURY ACCIDENT,ROLL OVER,45.66268668,-110.7936869
C000090E,321+0.830,,PARK,October,2013,0:50,FRI,NON-JUNCTION,SHOULDER,SNOW,SNOW,DARK-NOT LIGHTED,NON-INCAPACITATING EVIDENT INJURY ACCIDENT,OTHER,45.66246834,-110.7937733
C000090E,321+0.860,,PARK,January,2013,10:25,FRI,NON-JUNCTION,SHOULDER,BLOWING SNOW,ICE/FROST,DAYLIGHT,NON-INJURY ACCIDENT (PROPERTY- DAMAGE-ONLY ACCIDENT),FIXED OBJECT,45.66281,-110.793175
C000090E,321+0.890,,PARK,January,2013,20:45,FRI,NON-JUNCTION,ON ROADWAY,SNOW,SNOW,DARK-NOT LIGHTED,NON-INJURY ACCIDENT (PROPERTY- DAMAGE-ONLY ACCIDENT),REAR-END,45.66251594,-110.7925053
C000090E,321+0.920,,PARK,December,2013,14:24,SUN,NON-JUNCTION,ON ROADWAY,CLEAR,ICE/FROST,DAYLIGHT,NON-INJURY ACCIDENT (PROPERTY- DAMAGE-ONLY ACCIDENT),FIXED OBJECT,45.66240224,-110.7920117
C000090E,321+0.943,,PARK,May,2014,18:35,SUN,NON-JUNCTION,ROADSIDE LEFT,SNOW,SLUSH,DAYLIGHT,INCAPACITATING INJURY ACCIDENT,ROLL OVER,45.66178,-110.7916267
C000090E,321+0.968,NOT IN CITY LIMITS,PARK,DECEMBER,2017,12:03,MON,NON-JUNCTION,ON ROADWAY,BLOWING SNOW,ICE/FROST,DAYLIGHT,NON-INJURY ACCIDENT (PROPERTY- DAMAGE-ONLY ACCIDENT),"SIDESWIPE, SAME DIRECTION",45.66152062,-110.7912625
C000090E,321+0.981,,PARK,March,2014,18:03,MON,NON-JUNCTION,ROADSIDE LEFT,SNOW,SLUSH,DAYLIGHT,POSSIBLE INJURY ACCIDENT,FIXED OBJECT,45.66151187,-110.7909139
C000090E,321+0.981,NOT IN CITY LIMITS,PARK,SEPTEMBER,2017,14:10,SUN,NON-JUNCTION,ON ROADWAY,CLEAR,DRY,DAYLIGHT,NON-INCAPACITATING EVIDENT INJURY ACCIDENT,NOT FIXED OBJECT OR DEBRIS,45.66142748,-110.7910216
C000090E,321+0.999,,PARK,October,2016,23:07,WED,NON-JUNCTION,ROADSIDE RIGHT,CLEAR,DRY,DARK-NOT LIGHTED,NON-INJURY ACCIDENT (PROPERTY- DAMAGE-ONLY ACCIDENT),FIXED OBJECT,45.66131,-110.79063
C000090E,322+0.020,,PARK,December,2013,16:48,SUN,NON-JUNCTION,MEDIAN,CLOUDY,SNOW,DAYLIGHT,NON-INJURY ACCIDENT (PROPERTY- DAMAGE-ONLY ACCIDENT),ROLL OVER,45.66114449,-110.79006
C000090E,322+0.029,NOT IN CITY LIMITS,PARK,NOVEMBER,2017,3:41,FRI,NON-JUNCTION,ROADSIDE RIGHT,SNOW,SNOW,DARK-NOT LIGHTED,NON-INJURY ACCIDENT (PROPERTY- DAMAGE-ONLY ACCIDENT),FIXED OBJECT,45.66112253,-110.7900737
C000090E,322+0.040,,PARK,March,2013,6:25,THU,NON-JUNCTION,MEDIAN,CLOUDY,ICE/FROST,DARK-NOT LIGHTED,POSSIBLE INJURY ACCIDENT,ROLL OVER,45.66143,-110.789775
C000090E,322+0.050,,PARK,April,2013,19:14,SUN,NON-JUNCTION,SHOULDER,SNOW,SLUSH,DAYLIGHT,NON-INJURY ACCIDENT (PROPERTY- DAMAGE-ONLY ACCIDENT),FIXED OBJECT,45.66147851,-110.7896802
C000090E,322+0.072,,PARK,January,2015,21:00,SUN,NON-JUNCTION,SHOULDER,SNOW,SNOW,DARK-NOT LIGHTED,NON-INJURY ACCIDENT (PROPERTY- DAMAGE-ONLY ACCIDENT),FIXED OBJECT,45.66082717,-110.7893179
C000090E,322+0.153,,PARK,November,2016,23:00,FRI,NON-JUNCTION,ON ROADWAY,CLOUDY,DRY,DARK-NOT LIGHTED,NON-INJURY ACCIDENT (PROPERTY- DAMAGE-ONLY ACCIDENT),WILD ANIMAL,45.66027562,-110.7879086
C000090E,322+0.415,NOT IN CITY LIMITS,PARK,MARCH,2017,14:00,THU,NON-JUNCTION,ROADSIDE LEFT,SNOW,DRY,DAYLIGHT,NON-INJURY ACCIDENT (PROPERTY- DAMAGE-ONLY ACCIDENT),ROLL OVER,45.6584865,-110.783115
C000090E,322+0.608,,PARK,December,2016,2:40,SAT,NON-JUNCTION,ROADSIDE RIGHT,CLEAR,ICE/FROST,DARK-NOT LIGHTED,NON-INJURY ACCIDENT (PROPERTY- DAMAGE-ONLY ACCIDENT),FIXED OBJECT,45.65707347,-110.779633
C000090E,322+0.757,,PARK,February,2015,8:00,SUN,NON-JUNCTION,ROADSIDE LEFT,SNOW,SLUSH,DAYLIGHT,NON-INJURY ACCIDENT (PROPERTY- DAMAGE-ONLY ACCIDENT),FIXED OBJECT,45.65620738,-110.7768453
C000090E,322+0.790,,PARK,December,2013,0:00,SUN,NON-JUNCTION,ROADSIDE LEFT,CLOUDY,SNOW,DARK-NOT LIGHTED,NON-INJURY ACCIDENT (PROPERTY- DAMAGE-ONLY ACCIDENT),FIXED OBJECT,45.65644667,-110.7762917
C000090E,322+0.860,,PARK,December,2013,9:10,SAT,NON-JUNCTION,ROADSIDE RIGHT,SNOW,SNOW,DAYLIGHT,NON-INJURY ACCIDENT (PROPERTY- DAMAGE-ONLY ACCIDENT),FIXED OBJECT,45.65627271,-110.7746662
C000090E,322+1.000,NOT IN CITY LIMITS,PARK,MARCH,2017,20:20,THU,NON-JUNCTION,ON ROADWAY,CLOUDY,DRY,DARK-NOT LIGHTED,NON-INJURY ACCIDENT (PROPERTY- DAMAGE-ONLY ACCIDENT),WILD ANIMAL,45.65615,-110.77192
C000090E,323+0.030,,PARK,December,2013,13:25,SUN,NON-JUNCTION,MEDIAN,BLOWING SNOW,ICE/FROST,DAYLIGHT,NON-INCAPACITATING EVIDENT INJURY ACCIDENT,ROLL OVER,45.65647116,-110.7712771
C000090E,323+0.279,,PARK,April,2015,12:40,WED,NON-JUNCTION,ON ROADWAY,CLOUDY,DRY,DAYLIGHT,NON-INJURY ACCIDENT (PROPERTY- DAMAGE-ONLY ACCIDENT),FIXED OBJECT,45.65762867,-110.7665471
C000090E,323+0.279,,PARK,April,2015,21:30,SAT,NON-JUNCTION,ON ROADWAY,CLOUDY,DRY,DARK-NOT LIGHTED,NON-INCAPACITATING EVIDENT INJURY ACCIDENT,WILD ANIMAL,45.6577124,-110.7665383
C000090E,323+0.360,,PARK,June,2013,22:20,THU,NON-JUNCTION,ON ROADWAY,CLEAR,DRY,DARK-NOT LIGHTED,NON-INJURY ACCIDENT (PROPERTY- DAMAGE-ONLY ACCIDENT),WILD ANIMAL,45.658315,-110.76503
C000090E,323+0.372,,PARK,June,2015,4:55,TUE,NON-JUNCTION,ON ROADWAY,CLOUDY,WET,DARK-NOT LIGHTED,NON-INJURY ACCIDENT (PROPERTY- DAMAGE-ONLY ACCIDENT),WILD ANIMAL,45.65789868,-110.7646928
C000090E,323+0.385,,PARK,February,2016,7:46,SUN,NON-JUNCTION,MEDIAN,CLOUDY,ICE/FROST,DAYLIGHT,NON-INJURY ACCIDENT (PROPERTY- DAMAGE-ONLY ACCIDENT),ROLL OVER,45.65808333,-110.764495
C000090E,323+0.653,,PARK,April,2014,8:30,WED,NON-JUNCTION,MEDIAN,SNOW,SNOW,DAYLIGHT,NON-INCAPACITATING EVIDENT INJURY ACCIDENT,ROLL OVER,45.65883833,-110.758995
C000090E,323+0.759,,PARK,February,2016,7:40,SUN,NON-JUNCTION,MEDIAN,CLOUDY,ICE/FROST,DAYLIGHT,NON-INJURY ACCIDENT (PROPERTY- DAMAGE-ONLY ACCIDENT),ROLL OVER,45.65904519,-110.7569212
C000090E,323+0.771,NOT IN CITY LIMITS,PARK,JANUARY,2017,17:50,MON,NON-JUNCTION,MEDIAN,BLOWING SNOW,SNOW,DARK-NOT LIGHTED,NON-INCAPACITATING EVIDENT INJURY ACCIDENT,ROLL OVER,45.65916745,-110.7566712
C000090E,323+0.820,,PARK,June,2013,9:30,THU,NON-JUNCTION,ON ROADWAY,CLEAR,DRY,DAYLIGHT,NON-INJURY ACCIDENT (PROPERTY- DAMAGE-ONLY ACCIDENT),ROLL OVER,45.65929409,-110.7554602
C000090E,323+1.014,,PARK,April,2016,1:42,FRI,NON-JUNCTION,MEDIAN,CLEAR,ICE/FROST,DARK-NOT LIGHTED,NON-INJURY ACCIDENT (PROPERTY- DAMAGE-ONLY ACCIDENT),ROLL OVER,45.65978,-110.75166
C000090E,324+0.016,,PARK,November,2015,1:00,FRI,NON-JUNCTION,ROADSIDE LEFT,CLOUDY,SLUSH,DARK-NOT LIGHTED,NON-INJURY ACCIDENT (PROPERTY- DAMAGE-ONLY ACCIDENT),FIXED OBJECT,45.65989994,-110.7513398
C000090E,324+0.065,,PARK,March,2014,13:46,THU,NON-JUNCTION,MEDIAN,SNOW,SLUSH,DAYLIGHT,NON-INJURY ACCIDENT (PROPERTY- DAMAGE-ONLY ACCIDENT),FIXED OBJECT,45.66007033,-110.750378
C000090E,324+0.070,,PARK,April,2013,3:00,SAT,NON-JUNCTION,ON ROADWAY,CLEAR,DRY,DARK-NOT LIGHTED,NON-INJURY ACCIDENT (PROPERTY- DAMAGE-ONLY ACCIDENT),WILD ANIMAL,45.66043333,-110.7502933
C000090E,324+0.120,,PARK,June,2013,14:53,THU,NON-JUNCTION,SHOULDER,CLEAR,DRY,DAYLIGHT,NON-INJURY ACCIDENT (PROPERTY- DAMAGE-ONLY ACCIDENT),ROLL OVER,45.66034833,-110.7493617
C000090E,324+0.246,,PARK,February,2014,10:00,TUE,NON-JUNCTION,ON ROADWAY,BLOWING SNOW,DRY,DAYLIGHT,NON-INJURY ACCIDENT (PROPERTY- DAMAGE-ONLY ACCIDENT),REAR-END,45.66110887,-110.7470094
C000090E,324+0.250,,PARK,November,2013,18:00,SAT,NON-JUNCTION,ROADSIDE RIGHT,CLOUDY,SNOW,DARK-NOT LIGHTED,NON-INJURY ACCIDENT (PROPERTY- DAMAGE-ONLY ACCIDENT),ROLL OVER,45.66199685,-110.7448579
C000090E,324+0.278,,PARK,September,2016,7:55,THU,NON-JUNCTION,ON ROADWAY,RAIN,WET,DAYLIGHT,NON-INJURY ACCIDENT (PROPERTY- DAMAGE-ONLY ACCIDENT),JACKKNIFE,45.66127914,-110.7463781
C000090E,324+0.290,,PARK,November,2016,7:45,THU,NON-JUNCTION,MEDIAN,CLEAR,ICE/FROST,DAYLIGHT,NON-INJURY ACCIDENT (PROPERTY- DAMAGE-ONLY ACCIDENT),ROLL OVER,45.66134224,-110.746187
C000090E,324+0.400,,PARK,December,2013,16:05,MON,ENTRANCE/EXIT RAMP,GORE,SNOW,SNOW,DAYLIGHT,NON-INJURY ACCIDENT (PROPERTY- DAMAGE-ONLY ACCIDENT),FIXED OBJECT,45.66170314,-110.7438812
C000090E,324+0.540,,PARK,November,2015,0:25,THU,NON-JUNCTION,ROADSIDE LEFT,CLOUDY,ICE/FROST,DARK-NOT LIGHTED,NON-INCAPACITATING EVIDENT INJURY ACCIDENT,ROLL OVER,45.66198333,-110.7410467
C000090E,324+0.560,,PARK,November,2013,20:20,SAT,NON-JUNCTION,GORE,CLOUDY,SNOW,DARK-NOT LIGHTED,NON-INJURY ACCIDENT (PROPERTY- DAMAGE-ONLY ACCIDENT),ROLL OVER,45.66228167,-110.7408233
C000090E,324+0.650,,PARK,March,2013,11:56,THU,NON-JUNCTION,ROADSIDE RIGHT,CLEAR,DRY,DAYLIGHT,NON-INJURY ACCIDENT (PROPERTY- DAMAGE-ONLY ACCIDENT),FIXED OBJECT,45.66208905,-110.7390455
C000090E,324+0.680,,PARK,April,2013,10:20,MON,NON-JUNCTION,ROADSIDE LEFT,BLOWING SNOW,ICE/FROST,DAYLIGHT,POSSIBLE INJURY ACCIDENT,FIXED OBJECT,45.661995,-110.7383717
C000090E,324+0.710,,PARK,January,2013,6:51,TUE,NON-JUNCTION,ON ROADWAY,CLOUDY,ICE/FROST,DAYLIGHT,NON-INJURY ACCIDENT (PROPERTY- DAMAGE-ONLY ACCIDENT),FIXED OBJECT,45.66199667,-110.7375967
C000090E,324+1.000,,PARK,September,2013,7:15,MON,NON-JUNCTION,ROADSIDE RIGHT,CLEAR,DRY,DAYLIGHT,NON-INCAPACITATING EVIDENT INJURY ACCIDENT,ROLL OVER,45.66111,-110.73168
C000090E,325+0.350,,PARK,April,2013,4:00,SUN,NON-JUNCTION,ROADSIDE RIGHT,SNOW,ICE/FROST,DARK-NOT LIGHTED,NON-INJURY ACCIDENT (PROPERTY- DAMAGE-ONLY ACCIDENT),ROLL OVER,45.66231333,-110.7247317
C000090E,325+0.479,NOT IN CITY LIMITS,PARK,NOVEMBER,2017,22:15,SUN,NON-JUNCTION,ON ROADWAY,CLOUDY,DRY,DARK-NOT LIGHTED,NON-INJURY ACCIDENT (PROPERTY- DAMAGE-ONLY ACCIDENT),WILD ANIMAL,45.66210405,-110.7218746
C000090E,325+0.498,,PARK,November,2016,3:55,TUE,NON-JUNCTION,ON ROADWAY,BLOWING SNOW,SNOW,DARK-NOT LIGHTED,NON-INJURY ACCIDENT (PROPERTY- DAMAGE-ONLY ACCIDENT),HEAD ON,45.66213102,-110.7215213
C000090E,325+0.640,,PARK,October,2013,4:00,FRI,NON-JUNCTION,ON ROADWAY,SNOW,SNOW,DARK-NOT LIGHTED,NON-INJURY ACCIDENT (PROPERTY- DAMAGE-ONLY ACCIDENT),WILD ANIMAL,45.66367303,-110.7190665
C000090E,325+0.660,,PARK,October,2015,20:50,SUN,NON-JUNCTION,ON ROADWAY,CLEAR,DRY,DARK-NOT LIGHTED,NON-INJURY ACCIDENT (PROPERTY- DAMAGE-ONLY ACCIDENT),WILD ANIMAL,45.6622358,-110.7182327
C000090E,325+0.784,,PARK,October,2015,20:58,SUN,NON-JUNCTION,ON ROADWAY,CLEAR,DRY,DARK-NOT LIGHTED,FATAL ACCIDENT,REAR-END,45.66241468,-110.7156497
C000090E,325+0.828,NOT IN CITY LIMITS,PARK,NOVEMBER,2017,10:50,THU,NON-JUNCTION,MEDIAN,SNOW,ICE/FROST,DAYLIGHT,NON-INJURY ACCIDENT (PROPERTY- DAMAGE-ONLY ACCIDENT),ROLL OVER,45.66235206,-110.7147789
C000090E,325+0.946,,PARK,February,2014,11:07,MON,NON-JUNCTION,ON ROADWAY,SNOW,SNOW,DAYLIGHT,NON-INJURY ACCIDENT (PROPERTY- DAMAGE-ONLY ACCIDENT),HEAD ON,45.66244762,-110.7122847
C000090E,325+0.946,NOT IN CITY LIMITS,PARK,JANUARY,2017,14:20,TUE,NON-JUNCTION,ON ROADWAY,BLOWING SNOW,SNOW,DAYLIGHT,NON-INJURY ACCIDENT (PROPERTY- DAMAGE-ONLY ACCIDENT),REAR-END,45.66236372,-110.7123399
C000090E,326+0.130,,PARK,July,2013,14:25,WED,NON-JUNCTION,ROADSIDE LEFT,CLEAR,DRY,DAYLIGHT,NON-INJURY ACCIDENT (PROPERTY- DAMAGE-ONLY ACCIDENT),FIXED OBJECT,45.66299739,-110.7085281
C000090E,326+0.240,,PARK,December,2013,14:09,SAT,NON-JUNCTION,SHOULDER,CLEAR,ICE/FROST,DAYLIGHT,NON-INJURY ACCIDENT (PROPERTY- DAMAGE-ONLY ACCIDENT),FIXED OBJECT,45.66239582,-110.706068
C000090E,326+0.246,NOT IN CITY LIMITS,PARK,NOVEMBER,2017,18:55,THU,NON-JUNCTION,ROADSIDE RIGHT,CLOUDY,ICE/FROST,DARK-NOT LIGHTED,NON-INJURY ACCIDENT (PROPERTY- DAMAGE-ONLY ACCIDENT),JACKKNIFE,45.66220856,-110.7061844
C000090E,326+0.377,,PARK,June,2014,4:30,MON,NON-JUNCTION,ON ROADWAY,CLEAR,DRY,DARK-NOT LIGHTED,NON-INJURY ACCIDENT (PROPERTY- DAMAGE-ONLY ACCIDENT),WILD ANIMAL,45.66186022,-110.703467
C000090E,326+0.501,NOT IN CITY LIMITS,PARK,APRIL,2017,12:20,FRI,NON-JUNCTION,ON ROADWAY,SNOW,SNOW,DAYLIGHT,NON-INJURY ACCIDENT (PROPERTY- DAMAGE-ONLY ACCIDENT),REAR-END,45.66159962,-110.7009561
C000090E,326+0.520,,PARK,December,2015,16:27,TUE,NON-JUNCTION,ROADSIDE RIGHT,CLEAR,ICE/FROST,DAYLIGHT,NON-INJURY ACCIDENT (PROPERTY- DAMAGE-ONLY ACCIDENT),ROLL OVER,45.66193641,-110.700525