MDT_CORRIDOR_ID,SMS_REFPOST_OFFSET,CITY,COUNTY,Month,Year,SMS_TIME,SMT_CRASH_OCC_DAY_OF_WEEK,JUNCTION_RELATED,ROADWAY_RELATED,WEATHER_COND,ROAD_COND,LIGHT_COND,CRASH_SEVERITY,COLLISION_TYPE,LATITUDE,LONGITUDE
C000090E,326+0.680,,PARK,January,2013,15:30,SUN,NON-JUNCTION,ON ROADWAY,CLEAR,DRY,DAYLIGHT,NON-INJURY ACCIDENT (PROPERTY- DAMAGE-ONLY ACCIDENT),ROLL OVER,45.66215333,-110.6971017
C000090E,326+1.000,,PARK,August,2014,17:21,TUE,NON-JUNCTION,ROADSIDE LEFT,CLEAR,DRY,DAYLIGHT,FATAL ACCIDENT,ROLL OVER,45.663,-110.69073
C000090E,326+1.000,,PARK,August,2016,17:15,SAT,NON-JUNCTION,ON ROADWAY,CLOUDY,WET,DAYLIGHT,NON-INJURY ACCIDENT (PROPERTY- DAMAGE-ONLY ACCIDENT),WILD ANIMAL,45.663,-110.69073
C000090E,326+1.000,NOT IN CITY LIMITS,PARK,DECEMBER,2017,17:10,SAT,NON-JUNCTION,ROADSIDE RIGHT,CLOUDY,SNOW,DARK-NOT LIGHTED,NON-INJURY ACCIDENT (PROPERTY- DAMAGE-ONLY ACCIDENT),JACKKNIFE,45.663,-110.69073
C000090E,327+0.050,,PARK,October,2013,4:25,MON,NON-JUNCTION,SHOULDER,SNOW,ICE/FROST,DAYLIGHT,NON-INCAPACITATING EVIDENT INJURY ACCIDENT,ROLL OVER,45.66429516,-110.6903393
C000090E,327+0.130,,PARK,September,2013,0:25,THU,NON-JUNCTION,ON ROADWAY,CLOUDY,WET,DARK-NOT LIGHTED,POSSIBLE INJURY ACCIDENT,WILD ANIMAL,45.66433615,-110.688741
C000090E,327+0.198,NOT IN CITY LIMITS,PARK,APRIL,2017,14:35,FRI,NON-JUNCTION,ROADSIDE LEFT,SNOW,SLUSH,DAYLIGHT,NON-INJURY ACCIDENT (PROPERTY- DAMAGE-ONLY ACCIDENT),ROLL OVER,45.66362312,-110.6867258
C000090E,327+0.229,NOT IN CITY LIMITS,PARK,JULY,2017,0:10,SUN,NON-JUNCTION,ON ROADWAY,CLOUDY,DRY,DARK-NOT LIGHTED,NON-INJURY ACCIDENT (PROPERTY- DAMAGE-ONLY ACCIDENT),WILD ANIMAL,45.66353667,-110.6861467
C000090E,327+0.410,NOT IN CITY LIMITS,PARK,FEBRUARY,2017,3:50,THU,NON-JUNCTION,OFF ROADWAY LOCATION UNKNOWN,CLOUDY,ICE/FROST,DARK-NOT LIGHTED,NON-INJURY ACCIDENT (PROPERTY- DAMAGE-ONLY ACCIDENT),ROLL OVER,45.6635477,-110.682398
C000090E,327+0.650,,PARK,April,2013,7:30,MON,NON-JUNCTION,ROADSIDE RIGHT,SNOW,ICE/FROST,DAYLIGHT,POSSIBLE INJURY ACCIDENT,LOST CONTROL,45.66340833,-110.6783617
C000090E,327+0.653,,PARK,July,2015,16:40,SAT,NON-JUNCTION,ROADSIDE RIGHT,CLEAR,DRY,DAYLIGHT,NON-INCAPACITATING EVIDENT INJURY ACCIDENT,FIXED OBJECT,45.66229853,-110.6776741
C000090E,327+0.765,NOT IN CITY LIMITS,PARK,DECEMBER,2017,18:10,FRI,NON-JUNCTION,MEDIAN,BLOWING SNOW,ICE/FROST,DARK-NOT LIGHTED,NON-INJURY ACCIDENT (PROPERTY- DAMAGE-ONLY ACCIDENT),ROLL OVER,45.66154858,-110.6756762
C000090E,327+0.796,,PARK,June,2016,13:40,TUE,NON-JUNCTION,ROADSIDE LEFT,CLEAR,DRY,DAYLIGHT,NON-INJURY ACCIDENT (PROPERTY- DAMAGE-ONLY ACCIDENT),FIXED OBJECT,45.6612879,-110.6750887
C000090E,327+0.820,,PARK,March,2013,18:15,THU,NON-JUNCTION,ON ROADWAY,CLEAR,DRY,DAYLIGHT,NON-INJURY ACCIDENT (PROPERTY- DAMAGE-ONLY ACCIDENT),LOST CONTROL,45.66311013,-110.6748553
C000090E,327+0.850,,PARK,May,2013,12:55,SAT,NON-JUNCTION,SHOULDER,CLOUDY,DRY,DAYLIGHT,INCAPACITATING INJURY ACCIDENT,ROLL OVER,45.66310096,-110.674228
C000090E,327+0.870,,PARK,December,2013,21:00,THU,NON-JUNCTION,ON ROADWAY,CLOUDY,DRY,DARK-NOT LIGHTED,NON-INJURY ACCIDENT (PROPERTY- DAMAGE-ONLY ACCIDENT),WILD ANIMAL,45.66306697,-110.6737296
C000090E,327+0.964,,PARK,December,2016,9:30,FRI,NON-JUNCTION,ROADSIDE RIGHT,BLOWING SNOW,SNOW,DAYLIGHT,NON-INCAPACITATING EVIDENT INJURY ACCIDENT,ROLL OVER,45.66000539,-110.6722036
C000090E,328+0.002,,PARK,April,2015,1:07,SAT,NON-JUNCTION,ON ROADWAY,RAIN,WET,DARK-NOT LIGHTED,INCAPACITATING INJURY ACCIDENT,"SIDESWIPE, OPPOSITE DIRECTION",45.65988,-110.67132
C000090E,328+0.021,,PARK,May,2014,4:00,THU,NON-JUNCTION,ON ROADWAY,CLEAR,DRY,DARK-NOT LIGHTED,NON-INJURY ACCIDENT (PROPERTY- DAMAGE-ONLY ACCIDENT),FIXED OBJECT,45.65977355,-110.6709621
C000090E,328+0.040,,PARK,August,2015,17:40,SUN,NON-JUNCTION,ON ROADWAY,CLEAR,DRY,DAYLIGHT,NON-INCAPACITATING EVIDENT INJURY ACCIDENT,REAR-END,45.65977,-110.6704583
C000090E,328+0.060,,PARK,November,2013,18:15,SUN,NON-JUNCTION,ON ROADWAY,CLEAR,DRY,DARK-NOT LIGHTED,NON-INJURY ACCIDENT (PROPERTY- DAMAGE-ONLY ACCIDENT),WILD ANIMAL,45.65960672,-110.6699771
C000090E,328+0.090,,PARK,October,2013,7:00,WED,NON-JUNCTION,ON ROADWAY,CLEAR,DRY,DAWN,NON-INJURY ACCIDENT (PROPERTY- DAMAGE-ONLY ACCIDENT),WILD ANIMAL,45.66277773,-110.6693259
C000090E,328+0.114,,PARK,March,2014,18:20,SAT,NON-JUNCTION,ON ROADWAY,CLOUDY,DRY,DAYLIGHT,NON-INJURY ACCIDENT (PROPERTY- DAMAGE-ONLY ACCIDENT),WILD ANIMAL,45.65950382,-110.6689404
C000090E,328+0.121,,PARK,December,2016,12:42,MON,NON-JUNCTION,ROADSIDE LEFT,BLOWING SNOW,SNOW,DAYLIGHT,NON-INJURY ACCIDENT (PROPERTY- DAMAGE-ONLY ACCIDENT),FIXED OBJECT,45.65976355,-110.6688582
C000090E,328+0.140,,PARK,December,2013,16:50,THU,NON-JUNCTION,ON ROADWAY,CLOUDY,SNOW,DARK-NOT LIGHTED,NON-INJURY ACCIDENT (PROPERTY- DAMAGE-ONLY ACCIDENT),WILD ANIMAL,45.65962833,-110.6683083
C000090E,328+0.158,,PARK,October,2016,13:55,FRI,NON-JUNCTION,ON ROADWAY,CLOUDY,DRY,DAYLIGHT,NON-INJURY ACCIDENT (PROPERTY- DAMAGE-ONLY ACCIDENT),"SIDESWIPE, SAME DIRECTION",45.65961078,-110.6680582
C000090E,328+0.300,,PARK,March,2013,20:25,MON,NON-JUNCTION,ON ROADWAY,CLEAR,DRY,DARK-NOT LIGHTED,NON-INJURY ACCIDENT (PROPERTY- DAMAGE-ONLY ACCIDENT),WILD ANIMAL,45.65975,-110.6651467
C000090E,328+0.501,NOT IN CITY LIMITS,PARK,FEBRUARY,2017,16:35,SUN,NON-JUNCTION,ON ROADWAY,SLEET/HAIL/FREEZING RAIN/DRIZZLE,SLUSH,DAYLIGHT,NON-INJURY ACCIDENT (PROPERTY- DAMAGE-ONLY ACCIDENT),"SIDESWIPE, SAME DIRECTION",45.65988231,-110.6610775
C000090E,328+0.557,,PARK,December,2015,9:30,FRI,NON-JUNCTION,ROADSIDE RIGHT,SEVERE CROSSWINDS,SNOW,DAYLIGHT,NON-INJURY ACCIDENT (PROPERTY- DAMAGE-ONLY ACCIDENT),ROLL OVER,45.65991167,-110.6599117
C000090E,328+0.638,NOT IN CITY LIMITS,PARK,JULY,2017,21:07,MON,NON-JUNCTION,ON ROADWAY,CLEAR,DRY,DUSK,NON-INJURY ACCIDENT (PROPERTY- DAMAGE-ONLY ACCIDENT),WILD ANIMAL,45.65987325,-110.658271
C000090E,328+0.787,NOT IN CITY LIMITS,PARK,APRIL,2017,12:48,MON,NON-JUNCTION,OFF ROADWAY LOCATION UNKNOWN,RAIN,WET,DAYLIGHT,NON-INJURY ACCIDENT (PROPERTY- DAMAGE-ONLY ACCIDENT),LOST CONTROL,45.65983836,-110.6551829
C000090E,329+0.020,,PARK,October,2013,5:15,THU,NON-JUNCTION,ROADSIDE RIGHT,CLEAR,DRY,DARK-NOT LIGHTED,NON-INJURY ACCIDENT (PROPERTY- DAMAGE-ONLY ACCIDENT),FIXED OBJECT,45.66119265,-110.6506601
C000090E,329+0.128,NOT IN CITY LIMITS,PARK,NOVEMBER,2017,11:20,WED,NON-JUNCTION,ON ROADWAY,SNOW,SLUSH,DAYLIGHT,NON-INCAPACITATING EVIDENT INJURY ACCIDENT,REAR-END,45.66093065,-110.648223
C000090E,329+0.140,,PARK,November,2014,19:30,SAT,NON-JUNCTION,ON ROADWAY,CLEAR,DRY,DARK-NOT LIGHTED,NON-INJURY ACCIDENT (PROPERTY- DAMAGE-ONLY ACCIDENT),WILD ANIMAL,45.66097568,-110.6479375
C000090E,329+0.165,,PARK,May,2016,20:40,THU,NON-JUNCTION,ON ROADWAY,CLOUDY,DRY,DAYLIGHT,NON-INJURY ACCIDENT (PROPERTY- DAMAGE-ONLY ACCIDENT),WILD ANIMAL,45.66112205,-110.6474525
C000090E,329+0.233,,PARK,December,2014,18:00,SAT,NON-JUNCTION,ON ROADWAY,CLOUDY,DRY,DARK-NOT LIGHTED,POSSIBLE INJURY ACCIDENT,WILD ANIMAL,45.66140178,-110.6461089
C000090E,329+0.252,,PARK,July,2014,1:40,SAT,NON-JUNCTION,ON ROADWAY,CLEAR,DRY,DARK-NOT LIGHTED,NON-INCAPACITATING EVIDENT INJURY ACCIDENT,WILD ANIMAL,45.66158534,-110.6458078
C000090E,329+0.451,NOT IN CITY LIMITS,PARK,FEBRUARY,2017,15:00,TUE,NON-JUNCTION,ON ROADWAY,SNOW,ICE/FROST,DAYLIGHT,NON-INJURY ACCIDENT (PROPERTY- DAMAGE-ONLY ACCIDENT),FIXED OBJECT,45.66159058,-110.6417313
C000090E,329+0.545,,PARK,July,2015,6:15,SUN,NON-JUNCTION,ON ROADWAY,CLOUDY,DRY,DAYLIGHT,NON-INJURY ACCIDENT (PROPERTY- DAMAGE-ONLY ACCIDENT),WILD ANIMAL,45.66122078,-110.639832
C000090E,329+0.613,,PARK,February,2015,10:40,MON,NON-JUNCTION,ROADSIDE RIGHT,CLOUDY,SLUSH,DAYLIGHT,NON-INJURY ACCIDENT (PROPERTY- DAMAGE-ONLY ACCIDENT),FIXED OBJECT,45.66080167,-110.6385931
C000090E,329+0.619,,PARK,November,2014,6:20,SAT,NON-JUNCTION,ON ROADWAY,CLOUDY,DRY,DAWN,NON-INJURY ACCIDENT (PROPERTY- DAMAGE-ONLY ACCIDENT),WILD ANIMAL,45.66074075,-110.6384075
C000090E,329+0.619,NOT IN CITY LIMITS,PARK,JUNE,2017,20:50,TUE,NON-JUNCTION,ON ROADWAY,CLEAR,DRY,DAYLIGHT,NON-INJURY ACCIDENT (PROPERTY- DAMAGE-ONLY ACCIDENT),WILD ANIMAL,45.66089371,-110.6383981
C000090E,329+0.670,,PARK,August,2013,7:25,SAT,NON-JUNCTION,ON ROADWAY,CLEAR,DRY,DAYLIGHT,NON-INJURY ACCIDENT (PROPERTY- DAMAGE-ONLY ACCIDENT),WILD ANIMAL,45.6603985,-110.6373439
C000090E,329+0.700,,PARK,February,2014,2:00,TUE,NON-JUNCTION,ROADSIDE RIGHT,SNOW,SNOW,DARK-NOT LIGHTED,NON-INJURY ACCIDENT (PROPERTY- DAMAGE-ONLY ACCIDENT),FIXED OBJECT,45.66015464,-110.6370315
C000090E,329+0.880,,PARK,July,2013,9:25,MON,NON-JUNCTION,ON ROADWAY,CLEAR,DRY,DAYLIGHT,NON-INJURY ACCIDENT (PROPERTY- DAMAGE-ONLY ACCIDENT),WILD ANIMAL,45.65878322,-110.633881
C000090E,329+0.924,,PARK,October,2014,19:30,FRI,NON-JUNCTION,ON ROADWAY,CLEAR,DRY,DARK-NOT LIGHTED,NON-INJURY ACCIDENT (PROPERTY- DAMAGE-ONLY ACCIDENT),WILD ANIMAL,45.65843648,-110.6331615
C000090E,329+0.949,,PARK,October,2014,8:30,THU,NON-JUNCTION,ON ROADWAY,CLOUDY,DRY,DAYLIGHT,NON-INJURY ACCIDENT (PROPERTY- DAMAGE-ONLY ACCIDENT),OTHER,45.65828458,-110.6326515
C000090E,330+0.000,,PARK,June,2014,8:45,TUE,NON-JUNCTION,ON ROADWAY,CLEAR,DRY,DAYLIGHT,NON-INJURY ACCIDENT (PROPERTY- DAMAGE-ONLY ACCIDENT),WILD ANIMAL,45.65744,-110.63066
C000090E,330+0.087,,PARK,November,2015,0:54,MON,CROSSOVER-RELATED,MEDIAN,RAIN,WET,DARK-NOT LIGHTED,INCAPACITATING INJURY ACCIDENT,RIGHT ANGLE,45.65688439,-110.6290248
C000090E,330+0.106,,PARK,January,2014,6:00,THU,NON-JUNCTION,ON ROADWAY,BLOWING SNOW,ICE/FROST,DARK-NOT LIGHTED,NON-INJURY ACCIDENT (PROPERTY- DAMAGE-ONLY ACCIDENT),JACKKNIFE,45.65667,-110.6287883
C000090E,330+0.190,,PARK,December,2013,17:40,WED,NON-JUNCTION,ROADSIDE RIGHT,CLOUDY,ICE/FROST,DARK-LIGHTED,NON-INJURY ACCIDENT (PROPERTY- DAMAGE-ONLY ACCIDENT),FIXED OBJECT,45.65605114,-110.627044
C000090E,330+0.249,,PARK,December,2016,20:15,SAT,NON-JUNCTION,ROADSIDE RIGHT,CLEAR,ICE/FROST,DARK-NOT LIGHTED,NON-INJURY ACCIDENT (PROPERTY- DAMAGE-ONLY ACCIDENT),FIXED OBJECT,45.65560036,-110.6261765
C000090E,330+0.311,,PARK,December,2016,19:35,SAT,NON-JUNCTION,ROADSIDE RIGHT,CLEAR,ICE/FROST,DARK-NOT LIGHTED,NON-INJURY ACCIDENT (PROPERTY- DAMAGE-ONLY ACCIDENT),FIXED OBJECT,45.65523491,-110.6249949
C000090E,330+0.373,,PARK,January,2014,21:42,FRI,NON-JUNCTION,MEDIAN,BLOWING SNOW,SNOW,DARK-LIGHTED,NON-INJURY ACCIDENT (PROPERTY- DAMAGE-ONLY ACCIDENT),FIXED OBJECT,45.65502997,-110.6237313
C000090E,330+0.411,,PARK,January,2015,21:32,SUN,NON-JUNCTION,ROADSIDE RIGHT,SNOW,SNOW,DARK-NOT LIGHTED,NON-INJURY ACCIDENT (PROPERTY- DAMAGE-ONLY ACCIDENT),FIXED OBJECT,45.65472131,-110.6231825
C000090E,330+0.442,,PARK,November,2016,9:45,TUE,NON-JUNCTION,SHOULDER,CLEAR,ICE/FROST,DAYLIGHT,NON-INJURY ACCIDENT (PROPERTY- DAMAGE-ONLY ACCIDENT),FIXED OBJECT,45.65450783,-110.6226022
C000090E,330+0.530,,PARK,October,2013,7:28,FRI,NON-JUNCTION,ON ROADWAY,CLEAR,DRY,DAYLIGHT,NON-INJURY ACCIDENT (PROPERTY- DAMAGE-ONLY ACCIDENT),WILD ANIMAL,45.65422765,-110.62066
C000090E,330+0.579,,PARK,June,2015,8:32,TUE,NON-JUNCTION,MEDIAN,CLEAR,DRY,DAYLIGHT,NON-INJURY ACCIDENT (PROPERTY- DAMAGE-ONLY ACCIDENT),ROLL OVER,45.65373833,-110.6199033
C000090E,330+0.579,,PARK,January,2016,16:45,FRI,NON-JUNCTION,ON ROADWAY,SEVERE CROSSWINDS,DRY,DUSK,NON-INJURY ACCIDENT (PROPERTY- DAMAGE-ONLY ACCIDENT),OTHER,45.65369431,-110.6200102
C000090E,330+0.791,,PARK,October,2016,15:15,TUE,ENTRANCE/EXIT RAMP,ON ROADWAY,SNOW,SNOW,DAYLIGHT,NON-INJURY ACCIDENT (PROPERTY- DAMAGE-ONLY ACCIDENT),FIXED OBJECT,45.65244043,-110.6160072
C000090E,330+0.871,,PARK,July,2015,5:30,WED,NON-JUNCTION,ON ROADWAY,CLOUDY,DRY,DAWN,NON-INJURY ACCIDENT (PROPERTY- DAMAGE-ONLY ACCIDENT),WILD ANIMAL,45.65191199,-110.6145379
C000090E,330+0.896,,PARK,March,2014,12:01,WED,NON-JUNCTION,ON ROADWAY,SEVERE CROSSWINDS,DRY,DAYLIGHT,NON-INJURY ACCIDENT (PROPERTY- DAMAGE-ONLY ACCIDENT),LOST CONTROL,45.65181946,-110.6139691
C000090E,331+0.200,,PARK,December,2013,15:50,TUE,NON-JUNCTION,ROADSIDE RIGHT,SNOW,SNOW,DAYLIGHT,NON-INJURY ACCIDENT (PROPERTY- DAMAGE-ONLY ACCIDENT),FIXED OBJECT,45.64994493,-110.6086776
C000090E,331+0.726,,PARK,November,2015,12:45,FRI,NON-JUNCTION,ON ROADWAY,SEVERE CROSSWINDS,DRY,DAYLIGHT,POSSIBLE INJURY ACCIDENT,ROLL OVER,45.64732,-110.5986
C000090E,331+0.770,,PARK,December,2015,8:45,TUE,NON-JUNCTION,MEDIAN,CLOUDY,ICE/FROST,DAYLIGHT,NON-INCAPACITATING EVIDENT INJURY ACCIDENT,ROLL OVER,45.64714938,-110.5977989
C000090E,331+0.857,,PARK,March,2015,12:25,SAT,OTHER LOCATION,ON ROADWAY,SEVERE CROSSWINDS,DRY,DAYLIGHT,NON-INJURY ACCIDENT (PROPERTY- DAMAGE-ONLY ACCIDENT),ROLL OVER,45.64679666,-110.5960246
C000090E,331+0.882,NOT IN CITY LIMITS,PARK,DECEMBER,2017,10:26,MON,NON-JUNCTION,ON ROADWAY,SEVERE CROSSWINDS,DRY,DAYLIGHT,NON-INJURY ACCIDENT (PROPERTY- DAMAGE-ONLY ACCIDENT),JACKKNIFE,45.64677052,-110.5955916
C000090E,331+0.888,,PARK,March,2015,11:15,SAT,NON-JUNCTION,MEDIAN,CLOUDY,DRY,DAYLIGHT,NON-INCAPACITATING EVIDENT INJURY ACCIDENT,ROLL OVER,45.64679836,-110.5954231
C000090E,332+0.002,,PARK,December,2015,9:51,SUN,NON-JUNCTION,ON ROADWAY,CLEAR,DRY,DAYLIGHT,NON-INJURY ACCIDENT (PROPERTY- DAMAGE-ONLY ACCIDENT),ROLL OVER,45.64635,-110.5932
C000090E,332+0.200,,PARK,September,2013,20:35,TUE,NON-JUNCTION,MEDIAN,SLEET/HAIL/FREEZING RAIN/DRIZZLE,WET,DARK-NOT LIGHTED,NON-INJURY ACCIDENT (PROPERTY- DAMAGE-ONLY ACCIDENT),ROLL OVER,45.64562825,-110.5891706
C000090E,332+0.208,NOT IN CITY LIMITS,PARK,MAY,2017,14:25,MON,NON-JUNCTION,ON ROADWAY,CLOUDY,DRY,DAYLIGHT,NON-INJURY ACCIDENT (PROPERTY- DAMAGE-ONLY ACCIDENT),REAR-END,45.64558646,-110.5890433
C000090E,332+0.227,,PARK,February,2014,11:55,MON,NON-JUNCTION,SHOULDER,BLOWING SNOW,DRY,DAYLIGHT,NON-INCAPACITATING EVIDENT INJURY ACCIDENT,FIXED OBJECT,45.64561199,-110.588698
C000090E,332+0.227,,PARK,June,2015,0:25,FRI,NON-JUNCTION,ON ROADWAY,CLOUDY,DRY,DARK-NOT LIGHTED,NON-INJURY ACCIDENT (PROPERTY- DAMAGE-ONLY ACCIDENT),WILD ANIMAL,45.64557347,-110.5887351
C000090E,332+0.283,NOT IN CITY LIMITS,PARK,DECEMBER,2017,6:25,MON,NON-JUNCTION,ON ROADWAY,CLEAR,ICE/FROST,DAYLIGHT,NON-INJURY ACCIDENT (PROPERTY- DAMAGE-ONLY ACCIDENT),WILD ANIMAL,45.64528333,-110.5875929
C000090E,332+0.360,,PARK,December,2013,7:30,MON,NON-JUNCTION,ON ROADWAY,CLOUDY,WET,DAWN,NON-INJURY ACCIDENT (PROPERTY- DAMAGE-ONLY ACCIDENT),WILD ANIMAL,45.64538853,-110.5859835
C000090E,332+0.407,,PARK,March,2014,6:10,MON,NON-JUNCTION,SHOULDER,CLOUDY,ICE/FROST,DARK-NOT LIGHTED,NON-INJURY ACCIDENT (PROPERTY- DAMAGE-ONLY ACCIDENT),FIXED OBJECT,45.64493498,-110.5850588
C000090E,332+0.470,,PARK,December,2013,21:17,SUN,NON-JUNCTION,ON ROADWAY,CLEAR,DRY,DARK-NOT LIGHTED,NON-INJURY ACCIDENT (PROPERTY- DAMAGE-ONLY ACCIDENT),WILD ANIMAL,45.6450112,-110.583674
C000090E,332+0.538,,PARK,February,2014,0:00,FRI,NON-JUNCTION,ROADSIDE RIGHT,CLEAR,DRY,DAYLIGHT,NON-INCAPACITATING EVIDENT INJURY ACCIDENT,FIXED OBJECT,45.644635,-110.5824617
C000090E,332+0.563,,PARK,February,2015,17:30,MON,NON-JUNCTION,ON ROADWAY,CLOUDY,DRY,DUSK,NON-INCAPACITATING EVIDENT INJURY ACCIDENT,WILD ANIMAL,45.64443435,-110.5818944
C000090E,332+0.563,,PARK,June,2016,10:45,THU,NON-JUNCTION,ON ROADWAY,CLEAR,DRY,DAYLIGHT,NON-INJURY ACCIDENT (PROPERTY- DAMAGE-ONLY ACCIDENT),OTHER,45.6444671,-110.5818964
C000090E,332+0.570,,PARK,November,2015,18:45,THU,NON-JUNCTION,ON ROADWAY,SNOW,DRY,DARK-NOT LIGHTED,NON-INJURY ACCIDENT (PROPERTY- DAMAGE-ONLY ACCIDENT),WILD ANIMAL,45.64451496,-110.5817667
C000090E,332+0.582,LIVINGSTON,PARK,April,2014,21:00,MON,NON-JUNCTION,ON ROADWAY,CLOUDY,DRY,DARK-NOT LIGHTED,NON-INJURY ACCIDENT (PROPERTY- DAMAGE-ONLY ACCIDENT),WILD ANIMAL,45.64451152,-110.5814798
C000090E,332+0.607,NOT IN CITY LIMITS,PARK,NOVEMBER,2017,14:08,SAT,NON-JUNCTION,ON ROADWAY,CLOUDY,DRY,DARK-NOT LIGHTED,NON-INJURY ACCIDENT (PROPERTY- DAMAGE-ONLY ACCIDENT),WILD ANIMAL,45.64450913,-110.5809835
C000090E,332+0.663,LIVINGSTON,PARK,September,2015,9:10,SUN,NON-JUNCTION,ON ROADWAY,CLEAR,DRY,DAYLIGHT,NON-INJURY ACCIDENT (PROPERTY- DAMAGE-ONLY ACCIDENT),WILD ANIMAL,45.64431783,-110.5799356
C000090E,332+0.669,LIVINGSTON,PARK,November,2016,18:50,TUE,NON-JUNCTION,ON ROADWAY,CLOUDY,DRY,DARK-NOT LIGHTED,NON-INJURY ACCIDENT (PROPERTY- DAMAGE-ONLY ACCIDENT),WILD ANIMAL,45.64429594,-110.5797339
C000090E,332+0.712,LIVINGSTON,PARK,October,2015,19:38,SUN,NON-JUNCTION,ON ROADWAY,CLOUDY,DRY,DARK-NOT LIGHTED,NON-INJURY ACCIDENT (PROPERTY- DAMAGE-ONLY ACCIDENT),DOMESTIC ANIMAL,45.64424171,-110.5788365
C000090E,332+0.824,LIVINGSTON,PARK,DECEMBER,2017,17:50,THU,NON-JUNCTION,ON ROADWAY,CLOUDY,WET,DARK-NOT LIGHTED,NON-INJURY ACCIDENT (PROPERTY- DAMAGE-ONLY ACCIDENT),WILD ANIMAL,45.64410509,-110.5765074
C000090E,332+0.868,LIVINGSTON,PARK,November,2015,19:45,TUE,NON-JUNCTION,MEDIAN,CLOUDY,ICE/FROST,DARK-LIGHTED,NON-INJURY ACCIDENT (PROPERTY- DAMAGE-ONLY ACCIDENT),FIXED OBJECT,45.6443,-110.5757
C000090E,332+0.941,LIVINGSTON,PARK,April,2013,10:55,SUN,INTERSECTION-RELATED,ON ROADWAY,SNOW,SNOW,DAYLIGHT,NON-INJURY ACCIDENT (PROPERTY- DAMAGE-ONLY ACCIDENT),RIGHT ANGLE,45.64452993,-110.5728414
C000090E,333+0.002,LIVINGSTON,PARK,June,2016,5:05,SAT,NON-JUNCTION,ON ROADWAY,CLEAR,DRY,DARK-NOT LIGHTED,NON-INJURY ACCIDENT (PROPERTY- DAMAGE-ONLY ACCIDENT),WILD ANIMAL,45.64431,-110.5725
C000090E,333+0.100,,PARK,August,2013,7:45,FRI,NON-JUNCTION,ON ROADWAY,CLOUDY,DRY,DAYLIGHT,NON-INJURY ACCIDENT (PROPERTY- DAMAGE-ONLY ACCIDENT),WILD ANIMAL,45.64458583,-110.5705205
C000090E,333+0.407,LIVINGSTON,PARK,MARCH,2017,1:45,WED,NON-JUNCTION,ROADSIDE LEFT,CLOUDY,DRY,DARK-NOT LIGHTED,NON-INJURY ACCIDENT (PROPERTY- DAMAGE-ONLY ACCIDENT),FIXED OBJECT,45.64432759,-110.5641536
C000090E,333+0.525,,PARK,July,2014,21:05,WED,NON-JUNCTION,ON ROADWAY,CLEAR,DRY,DUSK,NON-INJURY ACCIDENT (PROPERTY- DAMAGE-ONLY ACCIDENT),WILD ANIMAL,45.64436811,-110.5617405
C000090E,333+0.570,,PARK,April,2013,16:00,MON,NON-JUNCTION,ON ROADWAY,CLEAR,DRY,DAYLIGHT,NON-INJURY ACCIDENT (PROPERTY- DAMAGE-ONLY ACCIDENT),"SIDESWIPE, SAME DIRECTION",45.64440222,-110.5606136
C000090E,333+0.580,,PARK,May,2013,6:10,WED,NON-JUNCTION,ROADSIDE LEFT,CLOUDY,ICE/FROST,DAWN,NON-INJURY ACCIDENT (PROPERTY- DAMAGE-ONLY ACCIDENT),FIXED OBJECT,45.64438513,-110.560518
C000090E,333+0.587,,PARK,January,2015,11:09,SUN,NON-JUNCTION,ON ROADWAY,CLOUDY,SNOW,DAYLIGHT,NON-INJURY ACCIDENT (PROPERTY- DAMAGE-ONLY ACCIDENT),FIXED OBJECT,45.64432025,-110.560354
C000090E,333+0.593,,PARK,October,2016,12:50,TUE,NON-JUNCTION,ROADSIDE RIGHT,SNOW,SNOW,DAYLIGHT,POSSIBLE INJURY ACCIDENT,HEAD ON,45.64434079,-110.5602516
C000090E,333+0.674,,PARK,March,2016,13:43,TUE,NON-JUNCTION,ROADSIDE RIGHT,SNOW,WET,DAYLIGHT,NON-INJURY ACCIDENT (PROPERTY- DAMAGE-ONLY ACCIDENT),FIXED OBJECT,45.64433546,-110.5586284
C000090E,333+0.680,,PARK,November,2014,19:35,SAT,NON-JUNCTION,ON ROADWAY,SNOW,SNOW,DARK-NOT LIGHTED,NON-INCAPACITATING EVIDENT INJURY ACCIDENT,FIXED OBJECT,45.64434079,-110.5585167