MDT_CORRIDOR_ID,SMS_REFPOST_OFFSET,CITY,COUNTY,Month,Year,SMS_TIME,SMT_CRASH_OCC_DAY_OF_WEEK,JUNCTION_RELATED,ROADWAY_RELATED,WEATHER_COND,ROAD_COND,LIGHT_COND,CRASH_SEVERITY,COLLISION_TYPE,LATITUDE,LONGITUDE
C000090E,333+0.687,LIVINGSTON,PARK,May,2014,8:15,MON,NON-JUNCTION,MEDIAN,CLOUDY,DRY,DAYLIGHT,NON-INJURY ACCIDENT (PROPERTY- DAMAGE-ONLY ACCIDENT),ROLL OVER,45.64441245,-110.5584211
C000090E,333+0.820,,PARK,February,2013,18:30,FRI,NON-JUNCTION,SHOULDER,SEVERE CROSSWINDS,DRY,DARK-NOT LIGHTED,NON-INJURY ACCIDENT (PROPERTY- DAMAGE-ONLY ACCIDENT),FIXED OBJECT,45.64473,-110.555685
C000090E,333+0.880,,PARK,September,2013,19:55,SUN,NON-JUNCTION,ON ROADWAY,CLOUDY,WET,DARK-LIGHTED,NON-INJURY ACCIDENT (PROPERTY- DAMAGE-ONLY ACCIDENT),WILD ANIMAL,45.64502039,-110.5545484
C000090E,333+0.920,,PARK,July,2013,9:20,SAT,NON-JUNCTION,ON ROADWAY,CLEAR,DRY,DAYLIGHT,NON-INJURY ACCIDENT (PROPERTY- DAMAGE-ONLY ACCIDENT),FIXED OBJECT,45.64486,-110.5535333
C000090E,333+0.940,,PARK,December,2013,16:44,WED,NON-JUNCTION,ON ROADWAY,SEVERE CROSSWINDS,DRY,DAYLIGHT,NON-INCAPACITATING EVIDENT INJURY ACCIDENT,ROLL OVER,45.64520555,-110.5534333
C000090E,333+0.998,,PARK,November,2014,20:00,SAT,NON-JUNCTION,OFF ROADWAY LOCATION UNKNOWN,SNOW,SNOW,DARK-NOT LIGHTED,NON-INJURY ACCIDENT (PROPERTY- DAMAGE-ONLY ACCIDENT),FIXED OBJECT,45.64544041,-110.5522124
C000090E,333+1.016,,PARK,January,2015,17:27,SAT,NON-JUNCTION,ON ROADWAY,CLEAR,DRY,DUSK,NON-INJURY ACCIDENT (PROPERTY- DAMAGE-ONLY ACCIDENT),WILD ANIMAL,45.6455,-110.55179
C000090E,334+0.000,,PARK,December,2013,10:58,SAT,NON-JUNCTION,ROADSIDE RIGHT,SNOW,SNOW,DAYLIGHT,NON-INJURY ACCIDENT (PROPERTY- DAMAGE-ONLY ACCIDENT),FIXED OBJECT,45.64562,-110.55217
C000090E,334+0.015,,PARK,March,2016,18:00,FRI,NON-JUNCTION,MEDIAN,SNOW,SLUSH,DAYLIGHT,NON-INJURY ACCIDENT (PROPERTY- DAMAGE-ONLY ACCIDENT),ROLL OVER,45.64566109,-110.5515525
C000090E,334+0.114,,PARK,June,2016,5:45,THU,NON-JUNCTION,ON ROADWAY,CLOUDY,DRY,DAYLIGHT,NON-INJURY ACCIDENT (PROPERTY- DAMAGE-ONLY ACCIDENT),WILD ANIMAL,45.64646919,-110.5499069
C000090E,334+0.440,,PARK,February,2013,2:12,SUN,NON-JUNCTION,ROADSIDE RIGHT,CLEAR,ICE/FROST,DARK-NOT LIGHTED,NON-INJURY ACCIDENT (PROPERTY- DAMAGE-ONLY ACCIDENT),ROLL OVER,45.649825,-110.545055
C000090E,334+0.543,NOT IN CITY LIMITS,PARK,MAY,2017,15:35,FRI,NON-JUNCTION,ON ROADWAY,CLEAR,DRY,DAYLIGHT,FATAL ACCIDENT,REAR-END,45.6509107,-110.5436285
C000090E,334+0.750,,PARK,September,2013,8:50,SUN,NON-JUNCTION,MEDIAN,CLEAR,DRY,DAYLIGHT,NON-INJURY ACCIDENT (PROPERTY- DAMAGE-ONLY ACCIDENT),FIXED OBJECT,45.65318466,-110.5408836
C000090E,334+0.793,NOT IN CITY LIMITS,PARK,JULY,2017,22:20,FRI,NON-JUNCTION,ON ROADWAY,CLEAR,DRY,DAYLIGHT,NON-INJURY ACCIDENT (PROPERTY- DAMAGE-ONLY ACCIDENT),WILD ANIMAL,45.65344982,-110.5400452
C000090E,334+0.842,,PARK,July,2016,6:41,FRI,NON-JUNCTION,ON ROADWAY,CLEAR,DRY,DAYLIGHT,NON-INJURY ACCIDENT (PROPERTY- DAMAGE-ONLY ACCIDENT),WILD ANIMAL,45.65397079,-110.5392784
C000090E,334+0.966,,PARK,November,2015,9:28,FRI,NON-JUNCTION,MEDIAN,SNOW,SNOW,DAYLIGHT,INCAPACITATING INJURY ACCIDENT,ROLL OVER,45.65524533,-110.5375288
C000090E,335+0.060,,PARK,September,2013,8:05,SUN,NON-JUNCTION,ON ROADWAY,CLEAR,DRY,DAYLIGHT,NON-INJURY ACCIDENT (PROPERTY- DAMAGE-ONLY ACCIDENT),FIXED OBJECT,45.65625869,-110.5363265
C000090E,335+0.079,,PARK,December,2015,7:00,SAT,NON-JUNCTION,SHOULDER,CLOUDY,DRY,DARK-NOT LIGHTED,INCAPACITATING INJURY ACCIDENT,FIXED OBJECT,45.6564263,-110.5360694
C000090E,335+0.092,,PARK,November,2015,9:30,FRI,NON-JUNCTION,SHOULDER,SNOW,SNOW,DAYLIGHT,NON-INJURY ACCIDENT (PROPERTY- DAMAGE-ONLY ACCIDENT),FIXED OBJECT,45.65655,-110.5358717
C000090E,335+0.204,LIVINGSTON,PARK,June,2015,20:05,FRI,NON-JUNCTION,ON ROADWAY,CLEAR,DRY,DAYLIGHT,NON-INJURY ACCIDENT (PROPERTY- DAMAGE-ONLY ACCIDENT),WILD ANIMAL,45.65781335,-110.5345154
C000090E,335+0.210,,PARK,February,2014,7:35,TUE,NON-JUNCTION,SHOULDER,SEVERE CROSSWINDS,ICE/FROST,DAWN,NON-INJURY ACCIDENT (PROPERTY- DAMAGE-ONLY ACCIDENT),FIXED OBJECT,45.65791064,-110.5344057
C000090E,335+0.533,,PARK,April,2014,15:30,FRI,NON-JUNCTION,ROADSIDE RIGHT,RAIN,WET,DAYLIGHT,INCAPACITATING INJURY ACCIDENT,ROLL OVER,45.66157667,-110.5303133
C000090E,335+0.608,,PARK,April,2015,7:20,MON,NON-JUNCTION,MEDIAN,CLOUDY,ICE/FROST,DAYLIGHT,NON-INJURY ACCIDENT (PROPERTY- DAMAGE-ONLY ACCIDENT),JACKKNIFE,45.66251642,-110.5295137
C000090E,335+0.614,NOT IN CITY LIMITS,PARK,NOVEMBER,2017,18:17,FRI,NON-JUNCTION,ON ROADWAY,CLEAR,DRY,DARK-NOT LIGHTED,NON-INJURY ACCIDENT (PROPERTY- DAMAGE-ONLY ACCIDENT),WILD ANIMAL,45.66254835,-110.5293452
C000090E,335+0.650,,PARK,December,2013,1:05,MON,NON-JUNCTION,MEDIAN,CLOUDY,ICE/FROST,DARK-NOT LIGHTED,NON-INJURY ACCIDENT (PROPERTY- DAMAGE-ONLY ACCIDENT),ROLL OVER,45.66303159,-110.529263
C000090E,335+0.820,,PARK,June,2013,14:58,SUN,NON-JUNCTION,ON ROADWAY,CLOUDY,DRY,DAYLIGHT,NON-INJURY ACCIDENT (PROPERTY- DAMAGE-ONLY ACCIDENT),NOT FIXED OBJECT OR DEBRIS,45.66492667,-110.526675
C000090E,335+1.000,,PARK,December,2013,9:30,THU,NON-JUNCTION,ROADSIDE RIGHT,SNOW,ICE/FROST,DAYLIGHT,NON-INJURY ACCIDENT (PROPERTY- DAMAGE-ONLY ACCIDENT),FIXED OBJECT,45.66694,-110.52447
C000090E,336+0.043,,PARK,January,2014,11:11,WED,NON-JUNCTION,ON ROADWAY,SNOW,SNOW,DAYLIGHT,POSSIBLE INJURY ACCIDENT,REAR-END,45.66748667,-110.5239983
C000090E,336+0.220,,PARK,July,2013,13:10,SUN,NON-JUNCTION,ON ROADWAY,CLEAR,DRY,DAYLIGHT,NON-INJURY ACCIDENT (PROPERTY- DAMAGE-ONLY ACCIDENT),"SIDESWIPE, SAME DIRECTION",45.66954833,-110.521725
C000090E,336+0.222,NOT IN CITY LIMITS,PARK,AUGUST,2017,19:30,TUE,NON-JUNCTION,ON ROADWAY,CLOUDY,DRY,DAYLIGHT,INCAPACITATING INJURY ACCIDENT,OTHER,45.66948272,-110.5217225
C000090E,336+0.280,,PARK,January,2013,12:55,WED,NON-JUNCTION,ON ROADWAY,BLOWING SNOW,ICE/FROST,DAYLIGHT,NON-INJURY ACCIDENT (PROPERTY- DAMAGE-ONLY ACCIDENT),JACKKNIFE,45.67032,-110.5212883
C000090E,336+0.334,,PARK,July,2015,9:20,TUE,NON-JUNCTION,ON ROADWAY,CLEAR,DRY,DAYLIGHT,NON-INJURY ACCIDENT (PROPERTY- DAMAGE-ONLY ACCIDENT),WILD ANIMAL,45.6708043,-110.5202608
C000090E,336+0.484,NOT IN CITY LIMITS,PARK,JUNE,2017,9:29,FRI,NON-JUNCTION,ON ROADWAY,CLEAR,DRY,DAYLIGHT,NON-INJURY ACCIDENT (PROPERTY- DAMAGE-ONLY ACCIDENT),WILD ANIMAL,45.67256168,-110.5185176
C000090E,336+0.880,,PARK,December,2013,11:15,SUN,NON-JUNCTION,SHOULDER,BLOWING SNOW,ICE/FROST,DAYLIGHT,NON-INJURY ACCIDENT (PROPERTY- DAMAGE-ONLY ACCIDENT),REAR-END,45.67719739,-110.5136725
C000090E,336+0.884,,PARK,December,2015,17:00,MON,NON-JUNCTION,ON ROADWAY,BLOWING SNOW,ICE/FROST,DARK-NOT LIGHTED,POSSIBLE INJURY ACCIDENT,FIXED OBJECT,45.6771205,-110.5134367
C000090E,337+0.014,NOT IN CITY LIMITS,PARK,JUNE,2017,22:10,SUN,NON-JUNCTION,ON ROADWAY,CLEAR,DRY,DARK-NOT LIGHTED,NON-INJURY ACCIDENT (PROPERTY- DAMAGE-ONLY ACCIDENT),WILD ANIMAL,45.67852843,-110.5118015
C000090E,337+0.100,,PARK,July,2013,10:55,TUE,ENTRANCE/EXIT RAMP,GORE,CLEAR,DRY,DAYLIGHT,NON-INJURY ACCIDENT (PROPERTY- DAMAGE-ONLY ACCIDENT),FIXED OBJECT,45.68707047,-110.5026185
C000090E,337+0.280,,PARK,May,2013,5:00,WED,NON-JUNCTION,MEDIAN,CLOUDY,DRY,DAYLIGHT,POSSIBLE INJURY ACCIDENT,ROLL OVER,45.68159608,-110.5085865
C000090E,337+0.430,,PARK,August,2015,6:15,MON,NON-JUNCTION,ON ROADWAY,CLOUDY,DRY,DAYLIGHT,NON-INJURY ACCIDENT (PROPERTY- DAMAGE-ONLY ACCIDENT),WILD ANIMAL,45.68330021,-110.5065389
C000090E,337+0.770,,PARK,June,2013,4:30,MON,NON-JUNCTION,ON ROADWAY,CLEAR,DRY,DAWN,NON-INJURY ACCIDENT (PROPERTY- DAMAGE-ONLY ACCIDENT),WILD ANIMAL,45.68694142,-110.5018404
C000090E,337+0.850,,PARK,December,2013,9:35,SAT,ENTRANCE/EXIT RAMP,ROADSIDE LEFT,SNOW,SNOW,DAYLIGHT,NON-INJURY ACCIDENT (PROPERTY- DAMAGE-ONLY ACCIDENT),ROLL OVER,45.68774,-110.5010367
C000090E,337+0.891,,PARK,August,2016,16:42,THU,NON-JUNCTION,ON ROADWAY,CLEAR,DRY,DAYLIGHT,NON-INJURY ACCIDENT (PROPERTY- DAMAGE-ONLY ACCIDENT),"SIDESWIPE, SAME DIRECTION",45.68811201,-110.5000298
C000090E,338+0.253,NOT IN CITY LIMITS,PARK,JANUARY,2017,16:50,TUE,NON-JUNCTION,ON ROADWAY,BLOWING SNOW,SNOW,DAYLIGHT,NON-INJURY ACCIDENT (PROPERTY- DAMAGE-ONLY ACCIDENT),REAR-END,45.69115832,-110.493787
C000090E,338+0.558,NOT IN CITY LIMITS,PARK,NOVEMBER,2017,11:50,SAT,NON-JUNCTION,MEDIAN,CLOUDY,SLUSH,DAYLIGHT,NON-INJURY ACCIDENT (PROPERTY- DAMAGE-ONLY ACCIDENT),ROLL OVER,45.69340988,-110.4883983
C000090E,339+0.090,,PARK,February,2013,8:20,SUN,NON-JUNCTION,MEDIAN,SNOW,SNOW,DAYLIGHT,NON-INJURY ACCIDENT (PROPERTY- DAMAGE-ONLY ACCIDENT),JACKKNIFE,45.69718936,-110.4788562
C000090E,339+0.230,NOT IN CITY LIMITS,PARK,AUGUST,2017,14:50,SAT,NON-JUNCTION,ROADSIDE LEFT,CLEAR,DRY,DAYLIGHT,NON-INCAPACITATING EVIDENT INJURY ACCIDENT,ROLL OVER,45.69807354,-110.4762915
C000090E,339+0.542,,PARK,September,2016,6:15,THU,NON-JUNCTION,ON ROADWAY,CLOUDY,WET,DAWN,NON-INJURY ACCIDENT (PROPERTY- DAMAGE-ONLY ACCIDENT),WILD ANIMAL,45.70032986,-110.470767
C000090E,339+0.940,,PARK,July,2013,12:00,SUN,NON-JUNCTION,SHOULDER,CLEAR,DRY,DAYLIGHT,NON-INJURY ACCIDENT (PROPERTY- DAMAGE-ONLY ACCIDENT),FIXED OBJECT,45.70328291,-110.4638616
C000090E,340+0.002,,PARK,October,2016,6:50,TUE,NON-JUNCTION,ON ROADWAY,SNOW,SNOW,DARK-NOT LIGHTED,UNKNOWN,"SIDESWIPE, SAME DIRECTION",45.70363,-110.46249
C000090E,340+0.027,,PARK,July,2014,14:45,WED,NON-JUNCTION,ON ROADWAY,CLOUDY,DRY,DAYLIGHT,NON-INJURY ACCIDENT (PROPERTY- DAMAGE-ONLY ACCIDENT),"SIDESWIPE, SAME DIRECTION",45.70382942,-110.46198
C000090E,340+0.050,,PARK,December,2013,17:34,SAT,NON-JUNCTION,ON ROADWAY,CLOUDY,WET,DARK-NOT LIGHTED,NON-INJURY ACCIDENT (PROPERTY- DAMAGE-ONLY ACCIDENT),WILD ANIMAL,45.70415171,-110.4618828
C000090E,340+0.182,,PARK,July,2016,4:50,SAT,NON-JUNCTION,ON ROADWAY,CLEAR,DRY,DARK-NOT LIGHTED,NON-INJURY ACCIDENT (PROPERTY- DAMAGE-ONLY ACCIDENT),WILD ANIMAL,45.70490062,-110.4592604
C000090E,340+0.210,,PARK,October,2013,20:00,WED,NON-JUNCTION,ON ROADWAY,CLOUDY,DRY,DARK-NOT LIGHTED,NON-INJURY ACCIDENT (PROPERTY- DAMAGE-ONLY ACCIDENT),WILD ANIMAL,45.70803664,-110.4511001
C000090E,340+0.220,,PARK,November,2013,22:50,FRI,INTERSECTION,SHOULDER,CLOUDY,DRY,DARK-NOT LIGHTED,NON-INJURY ACCIDENT (PROPERTY- DAMAGE-ONLY ACCIDENT),FIXED OBJECT,45.70621884,-110.4547661
C000090E,340+0.230,,PARK,September,2013,7:15,MON,NON-JUNCTION,ON ROADWAY,CLOUDY,DRY,DAYLIGHT,NON-INJURY ACCIDENT (PROPERTY- DAMAGE-ONLY ACCIDENT),WILD ANIMAL,45.70544721,-110.4588002
C000090E,340+0.344,,PARK,December,2016,22:00,MON,NON-JUNCTION,MEDIAN,SEVERE CROSSWINDS,DRY,DARK-NOT LIGHTED,NON-INJURY ACCIDENT (PROPERTY- DAMAGE-ONLY ACCIDENT),FIXED OBJECT,45.70608486,-110.4563179
C000090E,340+0.406,,PARK,February,2014,19:10,MON,NON-JUNCTION,MEDIAN,CLOUDY,DRY,DARK-LIGHTED,NON-INCAPACITATING EVIDENT INJURY ACCIDENT,ROLL OVER,45.7065,-110.4552
C000090E,341+0.040,,PARK,October,2013,17:45,TUE,NON-JUNCTION,SHOULDER,CLOUDY,WET,DAYLIGHT,INCAPACITATING INJURY ACCIDENT,ROLL OVER,45.71132787,-110.4439471
C000090E,341+0.270,,PARK,February,2016,6:50,SAT,NON-JUNCTION,SHOULDER,SEVERE CROSSWINDS,DRY,DAYLIGHT,NON-INJURY ACCIDENT (PROPERTY- DAMAGE-ONLY ACCIDENT),LOST CONTROL,45.71217333,-110.4393567
C000090E,341+0.360,,PARK,December,2013,13:20,THU,NON-JUNCTION,ROADSIDE RIGHT,CLOUDY,ICE/FROST,DAYLIGHT,NON-INJURY ACCIDENT (PROPERTY- DAMAGE-ONLY ACCIDENT),JACKKNIFE,45.71268929,-110.4375422
C000090E,341+0.487,,PARK,January,2014,5:15,TUE,NON-JUNCTION,ROADSIDE RIGHT,SNOW,ICE/FROST,DARK-NOT LIGHTED,NON-INJURY ACCIDENT (PROPERTY- DAMAGE-ONLY ACCIDENT),ROLL OVER,45.71266336,-110.43491
C000090E,341+0.625,,PARK,May,2014,23:22,FRI,NON-JUNCTION,ROADSIDE RIGHT,CLEAR,DRY,DARK-NOT LIGHTED,NON-INCAPACITATING EVIDENT INJURY ACCIDENT,ROLL OVER,45.71268015,-110.4320677
C000090E,341+0.985,,PARK,October,2014,21:45,SUN,NON-JUNCTION,MEDIAN,CLOUDY,DRY,DARK-NOT LIGHTED,NON-INJURY ACCIDENT (PROPERTY- DAMAGE-ONLY ACCIDENT),ROLL OVER,45.71282846,-110.424653
C000090E,342+0.190,,PARK,February,2013,8:21,SUN,NON-JUNCTION,MEDIAN,SNOW,SNOW,DAYLIGHT,NON-INJURY ACCIDENT (PROPERTY- DAMAGE-ONLY ACCIDENT),ROLL OVER,45.71311397,-110.4204376
C000090E,342+0.225,,PARK,December,2015,10:55,FRI,NON-JUNCTION,MEDIAN,BLOWING SNOW,ICE/FROST,DAYLIGHT,NON-INJURY ACCIDENT (PROPERTY- DAMAGE-ONLY ACCIDENT),ROLL OVER,45.71312763,-110.4198502
C000090E,342+0.356,NOT IN CITY LIMITS,PARK,NOVEMBER,2017,12:15,SAT,NON-JUNCTION,ROADSIDE RIGHT,CLOUDY,SLUSH,DAYLIGHT,NON-INJURY ACCIDENT (PROPERTY- DAMAGE-ONLY ACCIDENT),ROLL OVER,45.71307536,-110.4171496
C000090E,342+0.586,,PARK,March,2014,8:10,MON,NON-JUNCTION,ROADSIDE RIGHT,CLOUDY,ICE/FROST,DAYLIGHT,NON-INJURY ACCIDENT (PROPERTY- DAMAGE-ONLY ACCIDENT),ROLL OVER,45.71318189,-110.4123783
C000090E,342+0.623,,PARK,December,2015,9:00,FRI,NON-JUNCTION,ROADSIDE LEFT,BLOWING SNOW,ICE/FROST,DAYLIGHT,NON-INJURY ACCIDENT (PROPERTY- DAMAGE-ONLY ACCIDENT),FIXED OBJECT,45.71321054,-110.4115847
C000090E,342+0.700,,PARK,December,2013,11:10,SAT,NON-JUNCTION,OUTSIDE RIGHT-OF-WAY (TRAFFICWAY),CLOUDY,ICE/FROST,DAYLIGHT,NON-INJURY ACCIDENT (PROPERTY- DAMAGE-ONLY ACCIDENT),ROLL OVER,45.71358863,-110.410165
C000090E,343+0.010,,PARK,December,2013,8:40,TUE,NON-JUNCTION,ON ROADWAY,BLOWING SNOW,ICE/FROST,DAYLIGHT,NON-INJURY ACCIDENT (PROPERTY- DAMAGE-ONLY ACCIDENT),JACKKNIFE,45.71360573,-110.4036216
C000090E,343+0.100,,PARK,September,2013,7:20,MON,NON-JUNCTION,MEDIAN,CLEAR,DRY,DAYLIGHT,NON-INCAPACITATING EVIDENT INJURY ACCIDENT,FIXED OBJECT,45.71339437,-110.4016143
C000090E,343+0.274,,PARK,December,2014,8:00,WED,NON-JUNCTION,SHOULDER,CLOUDY,ICE/FROST,DAYLIGHT,NON-INJURY ACCIDENT (PROPERTY- DAMAGE-ONLY ACCIDENT),FIXED OBJECT,45.71297734,-110.398219
C000090E,343+0.354,NOT IN CITY LIMITS,PARK,NOVEMBER,2017,16:57,SUN,NON-JUNCTION,ROADSIDE RIGHT,CLOUDY,ICE/FROST,DAYLIGHT,NON-INJURY ACCIDENT (PROPERTY- DAMAGE-ONLY ACCIDENT),ROLL OVER,45.71263927,-110.396666
C000090E,343+0.672,,PARK,February,2014,12:35,FRI,NON-JUNCTION,ON ROADWAY,BLOWING SNOW,ICE/FROST,DAYLIGHT,POSSIBLE INJURY ACCIDENT,REAR-END,45.71066871,-110.3907672
C000090E,343+0.709,,PARK,March,2014,8:05,MON,NON-JUNCTION,MEDIAN,CLOUDY,ICE/FROST,DAYLIGHT,NON-INJURY ACCIDENT (PROPERTY- DAMAGE-ONLY ACCIDENT),ROLL OVER,45.71035364,-110.3900768
C000090E,343+0.915,NOT IN CITY LIMITS,PARK,AUGUST,2017,14:15,MON,NON-JUNCTION,ON ROADWAY,CLEAR,DRY,DAYLIGHT,NON-INJURY ACCIDENT (PROPERTY- DAMAGE-ONLY ACCIDENT),WILD ANIMAL,45.70863708,-110.3866547
C000090E,344+0.270,,PARK,February,2013,8:50,SUN,NON-JUNCTION,SHOULDER,CLOUDY,SNOW,DAYLIGHT,NON-INJURY ACCIDENT (PROPERTY- DAMAGE-ONLY ACCIDENT),FIXED OBJECT,45.70710333,-110.380025
C000090E,344+0.410,,PARK,June,2013,4:40,TUE,NON-JUNCTION,ON ROADWAY,CLEAR,DRY,DARK-NOT LIGHTED,NON-INJURY ACCIDENT (PROPERTY- DAMAGE-ONLY ACCIDENT),WILD ANIMAL,45.70690532,-110.3770249
C000090E,344+0.747,,PARK,November,2014,15:00,WED,NON-JUNCTION,OUTSIDE RIGHT-OF-WAY (TRAFFICWAY),CLOUDY,SLUSH,DAYLIGHT,NON-INJURY ACCIDENT (PROPERTY- DAMAGE-ONLY ACCIDENT),ROLL OVER,45.70640553,-110.3702377
C000090E,345+0.000,,PARK,September,2014,21:30,SUN,NON-JUNCTION,ON ROADWAY,CLOUDY,DRY,DARK-NOT LIGHTED,INCAPACITATING INJURY ACCIDENT,REAR-END,45.70605,-110.36473
C000090E,345+0.000,,PARK,July,2015,13:50,SUN,NON-JUNCTION,ON ROADWAY,CLOUDY,DRY,DAYLIGHT,POSSIBLE INJURY ACCIDENT,REAR-END,45.70605,-110.36473
C000090E,345+0.181,NOT IN CITY LIMITS,PARK,JANUARY,2017,15:38,TUE,NON-JUNCTION,ON ROADWAY,SNOW,ICE/FROST,DAYLIGHT,NON-INJURY ACCIDENT (PROPERTY- DAMAGE-ONLY ACCIDENT),"SIDESWIPE, SAME DIRECTION",45.70578525,-110.3610133
C000090E,345+0.199,NOT IN CITY LIMITS,PARK,JANUARY,2017,15:40,TUE,NON-JUNCTION,ON ROADWAY,BLOWING SNOW,ICE/FROST,DAYLIGHT,NON-INJURY ACCIDENT (PROPERTY- DAMAGE-ONLY ACCIDENT),REAR-END,45.70567586,-110.3606529
C000090E,345+0.212,NOT IN CITY LIMITS,PARK,JANUARY,2017,15:40,TUE,NON-JUNCTION,ON ROADWAY,SNOW,ICE/FROST,DAYLIGHT,NON-INJURY ACCIDENT (PROPERTY- DAMAGE-ONLY ACCIDENT),REAR-END,45.70577953,-110.3603585
C000090E,345+0.703,,PARK,November,2014,7:25,MON,NON-JUNCTION,SHOULDER,CLOUDY,ICE/FROST,DAYLIGHT,NON-INJURY ACCIDENT (PROPERTY- DAMAGE-ONLY ACCIDENT),FIXED OBJECT,45.70507823,-110.3502228
C000090E,345+0.828,,PARK,February,2014,0:45,TUE,NON-JUNCTION,ON ROADWAY,CLOUDY,SNOW,DARK-NOT LIGHTED,INCAPACITATING INJURY ACCIDENT,REAR-END,45.70481579,-110.3476881
C000090E,345+0.828,,PARK,February,2014,0:00,TUE,NON-JUNCTION,ON ROADWAY,BLOWING SNOW,SNOW,DARK-NOT LIGHTED,NON-INJURY ACCIDENT (PROPERTY- DAMAGE-ONLY ACCIDENT),HEAD ON,45.70481964,-110.3476852
C000090E,346+0.274,NOT IN CITY LIMITS,PARK,MAY,2017,18:20,SAT,NON-JUNCTION,MEDIAN,CLEAR,DRY,DAYLIGHT,INCAPACITATING INJURY ACCIDENT,ROLL OVER,45.70392165,-110.3385309
C000090E,346+0.380,NOT IN CITY LIMITS,PARK,DECEMBER,2017,13:22,FRI,NON-JUNCTION,ON ROADWAY,BLOWING SNOW,ICE/FROST,DAYLIGHT,NON-INJURY ACCIDENT (PROPERTY- DAMAGE-ONLY ACCIDENT),REAR-END,45.70346172,-110.336492
C000090E,346+0.660,,PARK,October,2013,22:20,FRI,NON-JUNCTION,ON ROADWAY,CLOUDY,DRY,DARK-LIGHTED,INCAPACITATING INJURY ACCIDENT,"SIDESWIPE, OPPOSITE DIRECTION",45.70220841,-110.3310527
C000090E,346+0.660,,PARK,April,2015,13:45,FRI,NON-JUNCTION,ON ROADWAY,CLEAR,DRY,DAYLIGHT,NON-INJURY ACCIDENT (PROPERTY- DAMAGE-ONLY ACCIDENT),WILD ANIMAL,45.70197,-110.3311
C000090E,346+0.685,,PARK,November,2016,2:00,WED,NON-JUNCTION,ON ROADWAY,CLOUDY,DRY,DARK-NOT LIGHTED,NON-INJURY ACCIDENT (PROPERTY- DAMAGE-ONLY ACCIDENT),WILD ANIMAL,45.70182,-110.3306084
C000090E,346+0.934,,PARK,September,2014,7:00,WED,NON-JUNCTION,ON ROADWAY,CLEAR,DRY,DAWN,NON-INJURY ACCIDENT (PROPERTY- DAMAGE-ONLY ACCIDENT),REAR-END,45.70041018,-110.3259434
C000090E,347+0.040,,PARK,December,2013,12:25,THU,NON-JUNCTION,MEDIAN,CLEAR,ICE/FROST,DAYLIGHT,NON-INJURY ACCIDENT (PROPERTY- DAMAGE-ONLY ACCIDENT),JACKKNIFE,45.69993464,-110.3238508
C000090E,347+0.258,,PARK,November,2015,10:38,FRI,NON-JUNCTION,ON ROADWAY,SNOW,SNOW,DAYLIGHT,NON-INJURY ACCIDENT (PROPERTY- DAMAGE-ONLY ACCIDENT),JACKKNIFE,45.69871025,-110.3197506
C000090E,347+0.600,,PARK,October,2013,7:20,WED,NON-JUNCTION,ON ROADWAY,CLEAR,DRY,DAWN,NON-INJURY ACCIDENT (PROPERTY- DAMAGE-ONLY ACCIDENT),WILD ANIMAL,45.69664831,-110.3131063
C000090E,347+0.750,,PARK,November,2014,9:30,MON,NON-JUNCTION,ON ROADWAY,CLOUDY,ICE/FROST,DAYLIGHT,NON-INJURY ACCIDENT (PROPERTY- DAMAGE-ONLY ACCIDENT),REAR TO REAR,45.69596257,-110.3102919
C000090E,347+0.781,NOT IN CITY LIMITS,PARK,JULY,2017,13:35,THU,NON-JUNCTION,ROADSIDE LEFT,CLEAR,DRY,DAYLIGHT,NON-INCAPACITATING EVIDENT INJURY ACCIDENT,ROLL OVER,45.69582174,-110.3096757
C000090E,347+0.806,,PARK,November,2016,7:45,TUE,NON-JUNCTION,ON ROADWAY,CLOUDY,DRY,DAYLIGHT,NON-INJURY ACCIDENT (PROPERTY- DAMAGE-ONLY ACCIDENT),WILD ANIMAL,45.69561948,-110.3092185
C000090E,347+0.918,,PARK,May,2016,22:00,SUN,NON-JUNCTION,ON ROADWAY,CLOUDY,DRY,DARK-NOT LIGHTED,NON-INJURY ACCIDENT (PROPERTY- DAMAGE-ONLY ACCIDENT),WILD ANIMAL,45.69523506,-110.3070032