MDT_CORRIDOR_ID,SMS_REFPOST_OFFSET,CITY,COUNTY,Month,Year,SMS_TIME,SMT_CRASH_OCC_DAY_OF_WEEK,JUNCTION_RELATED,ROADWAY_RELATED,WEATHER_COND,ROAD_COND,LIGHT_COND,CRASH_SEVERITY,COLLISION_TYPE,LATITUDE,LONGITUDE
C000090E,347+0.955,,PARK,November,2015,8:10,TUE,NON-JUNCTION,ON ROADWAY,CLOUDY,DRY,DAYLIGHT,NON-INJURY ACCIDENT (PROPERTY- DAMAGE-ONLY ACCIDENT),WILD ANIMAL,45.69517,-110.30622
C000090E,347+0.955,NOT IN CITY LIMITS,PARK,NOVEMBER,2017,8:00,WED,NON-JUNCTION,ON ROADWAY,SEVERE CROSSWINDS,ICE/FROST,DAYLIGHT,NON-INJURY ACCIDENT (PROPERTY- DAMAGE-ONLY ACCIDENT),JACKKNIFE,45.69517,-110.30622
C000090E,348+0.250,,PARK,December,2013,8:30,TUE,NON-JUNCTION,ROADSIDE RIGHT,BLOWING SNOW,ICE/FROST,DAYLIGHT,NON-INJURY ACCIDENT (PROPERTY- DAMAGE-ONLY ACCIDENT),FIXED OBJECT,45.69509228,-110.300986
C000090E,348+0.320,,PARK,February,2013,9:30,THU,NON-JUNCTION,ROADSIDE RIGHT,CLOUDY,ICE/FROST,DAYLIGHT,NON-INJURY ACCIDENT (PROPERTY- DAMAGE-ONLY ACCIDENT),ROLL OVER,45.69499333,-110.2994617
C000090E,348+0.421,NOT IN CITY LIMITS,PARK,DECEMBER,2017,20:45,FRI,NON-JUNCTION,ON ROADWAY,CLOUDY,DRY,DARK-NOT LIGHTED,NON-INJURY ACCIDENT (PROPERTY- DAMAGE-ONLY ACCIDENT),WILD ANIMAL,45.69449261,-110.2976351
C000090E,348+0.540,,PARK,October,2013,6:15,MON,NON-JUNCTION,ON ROADWAY,CLOUDY,DRY,DAWN,NON-INJURY ACCIDENT (PROPERTY- DAMAGE-ONLY ACCIDENT),WILD ANIMAL,45.69451123,-110.2950292
C000090E,348+0.732,,PARK,May,2015,21:55,THU,NON-JUNCTION,SHOULDER,RAIN,WET,DARK-NOT LIGHTED,NON-INJURY ACCIDENT (PROPERTY- DAMAGE-ONLY ACCIDENT),FIXED OBJECT,45.69405244,-110.2911744
C000090E,348+0.738,,PARK,February,2014,3:00,TUE,NON-JUNCTION,ON ROADWAY,BLOWING SNOW,DRY,DARK-NOT LIGHTED,NON-INJURY ACCIDENT (PROPERTY- DAMAGE-ONLY ACCIDENT),NOT FIXED OBJECT OR DEBRIS,45.69404381,-110.2911294
C000090E,348+0.738,,PARK,November,2014,10:42,MON,NON-JUNCTION,SHOULDER,CLOUDY,ICE/FROST,DAYLIGHT,NON-INJURY ACCIDENT (PROPERTY- DAMAGE-ONLY ACCIDENT),FIXED OBJECT,45.69409419,-110.2910117
C000090E,348+0.919,,PARK,July,2016,21:27,SAT,NON-JUNCTION,ON ROADWAY,CLEAR,DRY,DARK-NOT LIGHTED,NON-INJURY ACCIDENT (PROPERTY- DAMAGE-ONLY ACCIDENT),WILD ANIMAL,45.69389734,-110.2873506
C000090E,348+0.920,,PARK,December,2013,11:20,TUE,NON-JUNCTION,ROADSIDE RIGHT,SNOW,ICE/FROST,DAYLIGHT,NON-INJURY ACCIDENT (PROPERTY- DAMAGE-ONLY ACCIDENT),FIXED OBJECT,45.69412667,-110.2871167
C000090E,348+0.931,,PARK,March,2014,8:00,MON,NON-JUNCTION,ROADSIDE LEFT,CLOUDY,ICE/FROST,DAYLIGHT,NON-INJURY ACCIDENT (PROPERTY- DAMAGE-ONLY ACCIDENT),ROLL OVER,45.69391086,-110.2871123
C000090E,348+1.012,,PARK,September,2016,22:40,WED,NON-JUNCTION,ON ROADWAY,CLEAR,DRY,DARK-NOT LIGHTED,NON-INJURY ACCIDENT (PROPERTY- DAMAGE-ONLY ACCIDENT),WILD ANIMAL,45.69374168,-110.2854138
C000090E,349+0.000,NOT IN CITY LIMITS,PARK,NOVEMBER,2017,10:13,FRI,NON-JUNCTION,MEDIAN,CLOUDY,SNOW,DAYLIGHT,NON-INJURY ACCIDENT (PROPERTY- DAMAGE-ONLY ACCIDENT),ROLL OVER,45.69372,-110.2848
C000090E,349+0.038,,PARK,June,2016,22:25,FRI,NON-JUNCTION,ON ROADWAY,CLEAR,DRY,DARK-NOT LIGHTED,NON-INJURY ACCIDENT (PROPERTY- DAMAGE-ONLY ACCIDENT),WILD ANIMAL,45.69363881,-110.2840283
C000090E,349+0.081,NOT IN CITY LIMITS,PARK,NOVEMBER,2017,9:25,FRI,NON-JUNCTION,ON ROADWAY,CLOUDY,ICE/FROST,DAYLIGHT,NON-INJURY ACCIDENT (PROPERTY- DAMAGE-ONLY ACCIDENT),FIXED OBJECT,45.69366502,-110.2831166
C000090E,349+0.088,,PARK,June,2015,7:00,SUN,NON-JUNCTION,ON ROADWAY,CLEAR,DRY,DAYLIGHT,NON-INJURY ACCIDENT (PROPERTY- DAMAGE-ONLY ACCIDENT),WILD ANIMAL,45.69354205,-110.2830346
C000090E,349+0.280,,PARK,November,2013,13:20,WED,NON-JUNCTION,SHOULDER,BLOWING SNOW,SNOW,DAYLIGHT,NON-INJURY ACCIDENT (PROPERTY- DAMAGE-ONLY ACCIDENT),FIXED OBJECT,45.69341456,-110.2790084
C000090E,349+0.493,,PARK,February,2014,10:05,SUN,NON-JUNCTION,ON ROADWAY,BLOWING SNOW,SNOW,DAYLIGHT,POSSIBLE INJURY ACCIDENT,REAR-END,45.69325514,-110.2745858
C000090E,349+0.560,,PARK,June,2013,10:52,TUE,NON-JUNCTION,ON ROADWAY,CLEAR,DRY,DAYLIGHT,NON-INJURY ACCIDENT (PROPERTY- DAMAGE-ONLY ACCIDENT),WILD ANIMAL,45.69327903,-110.2732675
C000090E,349+0.705,,PARK,August,2016,4:20,FRI,NON-JUNCTION,ON ROADWAY,CLEAR,DRY,DARK-NOT LIGHTED,NON-INJURY ACCIDENT (PROPERTY- DAMAGE-ONLY ACCIDENT),WILD ANIMAL,45.69318683,-110.2702485
C000090E,349+0.720,,PARK,June,2013,5:50,THU,NON-JUNCTION,ON ROADWAY,CLEAR,DRY,DAYLIGHT,NON-INJURY ACCIDENT (PROPERTY- DAMAGE-ONLY ACCIDENT),WILD ANIMAL,45.6931865,-110.2698828
C000090E,349+0.786,,PARK,August,2014,20:00,SAT,NON-JUNCTION,ROADSIDE RIGHT,RAIN,WET,DUSK,INCAPACITATING INJURY ACCIDENT,ROLL OVER,45.69339333,-110.2686683
C000090E,349+0.823,,PARK,December,2015,20:42,SUN,NON-JUNCTION,ON ROADWAY,BLOWING SNOW,ICE/FROST,DARK-NOT LIGHTED,NON-INJURY ACCIDENT (PROPERTY- DAMAGE-ONLY ACCIDENT),FIXED OBJECT,45.69372302,-110.2679741
C000090E,349+0.836,NOT IN CITY LIMITS,PARK,JUNE,2017,0:00,THU,NON-JUNCTION,ON ROADWAY,CLEAR,DRY,DARK-NOT LIGHTED,NON-INJURY ACCIDENT (PROPERTY- DAMAGE-ONLY ACCIDENT),OTHER,45.69377767,-110.2677419
C000090E,349+0.848,,PARK,December,2015,17:56,SUN,NON-JUNCTION,ON ROADWAY,CLEAR,ICE/FROST,DARK-NOT LIGHTED,NON-INJURY ACCIDENT (PROPERTY- DAMAGE-ONLY ACCIDENT),FIXED OBJECT,45.69382562,-110.2675743
C000090E,349+0.892,,PARK,December,2016,1:00,TUE,NON-JUNCTION,SHOULDER,SNOW,ICE/FROST,DARK-NOT LIGHTED,NON-INJURY ACCIDENT (PROPERTY- DAMAGE-ONLY ACCIDENT),FIXED OBJECT,45.69409698,-110.2667687
C000090E,349+0.916,,PARK,February,2015,5:32,MON,NON-JUNCTION,SHOULDER,CLEAR,DRY,DARK-NOT LIGHTED,INCAPACITATING INJURY ACCIDENT,FIXED OBJECT,45.69429,-110.2662
C000090E,350+0.000,,PARK,May,2015,20:45,SUN,NON-JUNCTION,ON ROADWAY,CLEAR,DRY,DUSK,NON-INJURY ACCIDENT (PROPERTY- DAMAGE-ONLY ACCIDENT),WILD ANIMAL,45.69501,-110.26513
C000090E,350+0.112,,PARK,February,2014,8:30,TUE,NON-JUNCTION,ON ROADWAY,CLOUDY,SNOW,DAYLIGHT,NON-INJURY ACCIDENT (PROPERTY- DAMAGE-ONLY ACCIDENT),REAR-END,45.6963629,-110.2637531
C000090E,350+0.125,,PARK,October,2015,18:31,TUE,NON-JUNCTION,ON ROADWAY,CLOUDY,WET,DUSK,NON-INJURY ACCIDENT (PROPERTY- DAMAGE-ONLY ACCIDENT),"SIDESWIPE, SAME DIRECTION",45.69645854,-110.2635072
C000090E,350+0.150,,PARK,March,2014,12:01,SAT,NON-JUNCTION,ON ROADWAY,BLOWING SNOW,ICE/FROST,DAYLIGHT,POSSIBLE INJURY ACCIDENT,REAR-END,45.69677956,-110.2633364
C000090E,350+0.276,,PARK,October,2016,5:40,SAT,NON-JUNCTION,ON ROADWAY,CLOUDY,DRY,DARK-NOT LIGHTED,NON-INJURY ACCIDENT (PROPERTY- DAMAGE-ONLY ACCIDENT),WILD ANIMAL,45.69840823,-110.2622103
C000090E,350+0.280,,PARK,June,2013,6:03,FRI,NON-JUNCTION,ON ROADWAY,CLEAR,DRY,DAYLIGHT,NON-INJURY ACCIDENT (PROPERTY- DAMAGE-ONLY ACCIDENT),WILD ANIMAL,45.69852468,-110.262428
C000090E,350+0.591,,PARK,October,2014,20:40,FRI,NON-JUNCTION,ON ROADWAY,CLEAR,DRY,DARK-NOT LIGHTED,NON-INJURY ACCIDENT (PROPERTY- DAMAGE-ONLY ACCIDENT),"SIDESWIPE, SAME DIRECTION",45.70269107,-110.2601672
C000090E,350+0.783,,PARK,May,2015,23:20,THU,NON-JUNCTION,ON ROADWAY,CLOUDY,WET,DARK-NOT LIGHTED,NON-INJURY ACCIDENT (PROPERTY- DAMAGE-ONLY ACCIDENT),FIXED OBJECT,45.70548459,-110.2602902
C000090E,350+0.808,NOT IN CITY LIMITS,PARK,APRIL,2017,6:10,FRI,NON-JUNCTION,ON ROADWAY,RAIN,WET,DAWN,NON-INJURY ACCIDENT (PROPERTY- DAMAGE-ONLY ACCIDENT),WILD ANIMAL,45.70584221,-110.2603154
C000090E,350+0.810,,PARK,July,2013,5:00,SUN,NON-JUNCTION,ON ROADWAY,CLOUDY,DRY,DAWN,NON-INJURY ACCIDENT (PROPERTY- DAMAGE-ONLY ACCIDENT),WILD ANIMAL,45.70592333,-110.2602983
C000090E,350+0.822,,PARK,August,2016,7:20,SAT,NON-JUNCTION,ON ROADWAY,CLOUDY,DRY,DAYLIGHT,NON-INJURY ACCIDENT (PROPERTY- DAMAGE-ONLY ACCIDENT),WILD ANIMAL,45.70598667,-110.2604267
C000090E,350+0.933,,PARK,March,2014,13:30,SUN,NON-JUNCTION,ROADSIDE RIGHT,RAIN,WET,DAYLIGHT,POSSIBLE INJURY ACCIDENT,ROLL OVER,45.70745509,-110.2613284
C000090E,351+0.000,NOT IN CITY LIMITS,PARK,DECEMBER,2017,12:29,SAT,NON-JUNCTION,ON ROADWAY,BLOWING SNOW,SNOW,DAYLIGHT,NON-INJURY ACCIDENT (PROPERTY- DAMAGE-ONLY ACCIDENT),REAR-END,45.70813,-110.26181
C000090E,351+0.007,,PARK,January,2016,16:30,SAT,NON-JUNCTION,ON ROADWAY,CLEAR,DRY,DAYLIGHT,NON-INJURY ACCIDENT (PROPERTY- DAMAGE-ONLY ACCIDENT),NOT FIXED OBJECT OR DEBRIS,45.70826788,-110.2618065
C000090E,351+0.038,NOT IN CITY LIMITS,PARK,MAY,2017,11:45,THU,NON-JUNCTION,ON ROADWAY,CLOUDY,DRY,DAYLIGHT,NON-INJURY ACCIDENT (PROPERTY- DAMAGE-ONLY ACCIDENT),NOT FIXED OBJECT OR DEBRIS,45.70867111,-110.2620982
C000090E,351+0.040,,PARK,December,2013,23:10,TUE,NON-JUNCTION,SHOULDER,CLEAR,ICE/FROST,DARK-LIGHTED,NON-INJURY ACCIDENT (PROPERTY- DAMAGE-ONLY ACCIDENT),JACKKNIFE,45.70866745,-110.2622026
C000090E,351+0.050,,PARK,August,2013,0:07,TUE,NON-JUNCTION,ON ROADWAY,CLEAR,DRY,DARK-NOT LIGHTED,NON-INJURY ACCIDENT (PROPERTY- DAMAGE-ONLY ACCIDENT),NOT FIXED OBJECT OR DEBRIS,45.70873241,-110.2622436
C000090E,351+0.076,,PARK,March,2016,22:40,THU,NON-JUNCTION,ON ROADWAY,CLOUDY,ICE/FROST,DARK-NOT LIGHTED,POSSIBLE INJURY ACCIDENT,REAR-END,45.70908469,-110.2624577
C000090E,351+0.145,,PARK,March,2014,22:35,MON,NON-JUNCTION,ON ROADWAY,SNOW,SLUSH,DARK-NOT LIGHTED,NON-INJURY ACCIDENT (PROPERTY- DAMAGE-ONLY ACCIDENT),FIXED OBJECT,45.71000059,-110.2630765
C000090E,351+0.220,,PARK,January,2013,13:34,FRI,NON-JUNCTION,ON ROADWAY,SEVERE CROSSWINDS,DRY,DAYLIGHT,POSSIBLE INJURY ACCIDENT,ROLL OVER,45.71109,-110.2634517
C000090E,351+0.239,,PARK,January,2015,7:30,SUN,NON-JUNCTION,ON ROADWAY,SNOW,ICE/FROST,DAYLIGHT,NON-INJURY ACCIDENT (PROPERTY- DAMAGE-ONLY ACCIDENT),NOT FIXED OBJECT OR DEBRIS,45.71137004,-110.2633
C000090E,351+0.250,,PARK,October,2013,14:35,THU,NON-JUNCTION,MEDIAN,SNOW,SNOW,DAYLIGHT,NON-INJURY ACCIDENT (PROPERTY- DAMAGE-ONLY ACCIDENT),FIXED OBJECT,45.71146449,-110.263514
C000090E,351+0.280,,PARK,April,2013,18:30,SUN,NON-JUNCTION,ON ROADWAY,SLEET/HAIL/FREEZING RAIN/DRIZZLE,ICE/FROST,DAYLIGHT,NON-INCAPACITATING EVIDENT INJURY ACCIDENT,FIXED OBJECT,45.71202833,-110.2633433
C000090E,351+0.282,,PARK,February,2015,12:00,SAT,NON-JUNCTION,ON ROADWAY,CLEAR,DRY,DAYLIGHT,NON-INJURY ACCIDENT (PROPERTY- DAMAGE-ONLY ACCIDENT),FIXED OBJECT,45.71199055,-110.2633803
C000090E,351+0.376,,PARK,January,2014,16:20,WED,NON-JUNCTION,MEDIAN,SNOW,SLUSH,DAYLIGHT,NON-INJURY ACCIDENT (PROPERTY- DAMAGE-ONLY ACCIDENT),FIXED OBJECT,45.71333248,-110.2632408
C000090E,351+0.469,,PARK,May,2016,3:00,FRI,NON-JUNCTION,ON ROADWAY,CLOUDY,WET,DARK-NOT LIGHTED,UNKNOWN,"SIDESWIPE, OPPOSITE DIRECTION",45.71460372,-110.2626319
C000090E,351+0.818,,PARK,November,2014,11:25,WED,NON-JUNCTION,OUTSIDE RIGHT-OF-WAY (TRAFFICWAY),SNOW,ICE/FROST,DAYLIGHT,NON-INCAPACITATING EVIDENT INJURY ACCIDENT,ROLL OVER,45.71813667,-110.2575997
C000090E,351+0.818,,PARK,July,2015,14:09,WED,NON-JUNCTION,MEDIAN,CLOUDY,DRY,DAYLIGHT,POSSIBLE INJURY ACCIDENT,FIXED OBJECT,45.71818501,-110.2576933
C000090E,351+0.818,NOT IN CITY LIMITS,PARK,MAY,2017,5:15,TUE,NON-JUNCTION,ON ROADWAY,CLEAR,DRY,DAYLIGHT,NON-INJURY ACCIDENT (PROPERTY- DAMAGE-ONLY ACCIDENT),WILD ANIMAL,45.71816937,-110.2577518
C000090E,351+0.948,,PARK,November,2015,17:41,MON,NON-JUNCTION,ON ROADWAY,CLEAR,DRY,DARK-NOT LIGHTED,NON-INJURY ACCIDENT (PROPERTY- DAMAGE-ONLY ACCIDENT),WILD ANIMAL,45.71912987,-110.2554305
C000090E,352+0.000,,PARK,October,2013,14:52,MON,NON-JUNCTION,ON ROADWAY,CLEAR,DRY,DAYLIGHT,NON-INJURY ACCIDENT (PROPERTY- DAMAGE-ONLY ACCIDENT),REAR-END,45.72336691,-110.2465696
C000090E,352+0.036,,PARK,November,2015,17:48,MON,NON-JUNCTION,ON ROADWAY,CLEAR,DRY,DARK-NOT LIGHTED,NON-INJURY ACCIDENT (PROPERTY- DAMAGE-ONLY ACCIDENT),NOT FIXED OBJECT OR DEBRIS,45.71992818,-110.2535329
C000090E,352+0.080,,PARK,February,2013,22:00,WED,NON-JUNCTION,ROADSIDE RIGHT,SNOW,ICE/FROST,DARK-NOT LIGHTED,NON-INJURY ACCIDENT (PROPERTY- DAMAGE-ONLY ACCIDENT),FIXED OBJECT,45.72057667,-110.2528667
C000090E,352+0.167,NOT IN CITY LIMITS,PARK,SEPTEMBER,2017,6:35,SAT,NON-JUNCTION,ON ROADWAY,CLOUDY,WET,DARK-NOT LIGHTED,NON-INJURY ACCIDENT (PROPERTY- DAMAGE-ONLY ACCIDENT),WILD ANIMAL,45.72096699,-110.2513065
C000090E,352+0.200,,PARK,November,2013,23:36,FRI,NON-JUNCTION,ON ROADWAY,CLEAR,DRY,DARK-NOT LIGHTED,INCAPACITATING INJURY ACCIDENT,WILD ANIMAL,45.72150206,-110.2507257
C000090E,352+0.250,,PARK,June,2013,18:16,FRI,NON-JUNCTION,ON ROADWAY,RAIN,WET,DAYLIGHT,NON-INJURY ACCIDENT (PROPERTY- DAMAGE-ONLY ACCIDENT),"SIDESWIPE, SAME DIRECTION",45.72189026,-110.2500089
C000090E,352+0.260,,PARK,April,2013,7:50,MON,NON-JUNCTION,MEDIAN,SNOW,ICE/FROST,DAYLIGHT,POSSIBLE INJURY ACCIDENT,ROLL OVER,45.72181667,-110.2496017
C000090E,352+0.350,,PARK,June,2013,21:30,TUE,NON-JUNCTION,ON ROADWAY,CLOUDY,DRY,DARK-NOT LIGHTED,NON-INJURY ACCIDENT (PROPERTY- DAMAGE-ONLY ACCIDENT),WILD ANIMAL,45.72263522,-110.2482758
C000090E,352+0.366,,PARK,February,2015,8:37,MON,NON-JUNCTION,MEDIAN,CLOUDY,ICE/FROST,DAYLIGHT,INCAPACITATING INJURY ACCIDENT,ROLL OVER,45.72257713,-110.2477567
C000090E,352+0.578,,PARK,November,2015,22:20,SUN,NON-JUNCTION,ON ROADWAY,CLEAR,DRY,DARK-NOT LIGHTED,NON-INJURY ACCIDENT (PROPERTY- DAMAGE-ONLY ACCIDENT),WILD ANIMAL,45.72422196,-110.2441205
C000090E,352+0.760,,PARK,April,2013,7:50,MON,NON-JUNCTION,SHOULDER,SNOW,ICE/FROST,DAYLIGHT,NON-INJURY ACCIDENT (PROPERTY- DAMAGE-ONLY ACCIDENT),FIXED OBJECT,45.7258968,-110.2411369
C000090E,352+0.919,NOT IN CITY LIMITS,PARK,JANUARY,2017,11:35,TUE,NON-JUNCTION,ON ROADWAY,SNOW,ICE/FROST,DAYLIGHT,NON-INJURY ACCIDENT (PROPERTY- DAMAGE-ONLY ACCIDENT),"SIDESWIPE, SAME DIRECTION",45.7273241,-110.2386841
C000090E,352+0.938,NOT IN CITY LIMITS,PARK,OCTOBER,2017,20:44,THU,NON-JUNCTION,ROADSIDE RIGHT,CLEAR,DRY,DARK-NOT LIGHTED,FATAL ACCIDENT,ROLL OVER,45.72751617,-110.2384949
C000090E,352+0.957,,PARK,April,2016,13:00,MON,NON-JUNCTION,ON ROADWAY,CLEAR,DRY,DAYLIGHT,NON-INJURY ACCIDENT (PROPERTY- DAMAGE-ONLY ACCIDENT),"SIDESWIPE, SAME DIRECTION",45.72777157,-110.2382218
C000090E,352+1.006,,PARK,January,2015,11:15,SUN,NON-JUNCTION,ON ROADWAY,SNOW,ICE/FROST,DAYLIGHT,NON-INJURY ACCIDENT (PROPERTY- DAMAGE-ONLY ACCIDENT),REAR TO SIDE,45.72831,-110.23756
C000090E,353+0.040,,PARK,June,2013,11:19,SUN,NON-JUNCTION,ON ROADWAY,CLEAR,DRY,DAYLIGHT,INCAPACITATING INJURY ACCIDENT,FIXED OBJECT,45.72890167,-110.2373
C000090E,353+0.104,,PARK,July,2016,21:45,MON,NON-JUNCTION,ROADSIDE RIGHT,CLEAR,DRY,DUSK,NON-INJURY ACCIDENT (PROPERTY- DAMAGE-ONLY ACCIDENT),FIXED OBJECT,45.72949416,-110.2362911
C000090E,353+0.130,,PARK,September,2013,20:25,TUE,NON-JUNCTION,ON ROADWAY,CLEAR,DRY,DARK-NOT LIGHTED,NON-INJURY ACCIDENT (PROPERTY- DAMAGE-ONLY ACCIDENT),WILD ANIMAL,45.73001867,-110.2360567
C000090E,353+0.378,,PARK,February,2014,18:30,SAT,NON-JUNCTION,ON ROADWAY,CLOUDY,DRY,DARK-NOT LIGHTED,NON-INJURY ACCIDENT (PROPERTY- DAMAGE-ONLY ACCIDENT),WILD ANIMAL,45.732445,-110.2325333
C000090E,353+0.378,,PARK,February,2015,18:15,SAT,NON-JUNCTION,OUTSIDE RIGHT-OF-WAY (TRAFFICWAY),SNOW,ICE/FROST,DUSK,NON-INJURY ACCIDENT (PROPERTY- DAMAGE-ONLY ACCIDENT),ROLL OVER,45.73234096,-110.2324229
C000090E,353+0.422,,PARK,March,2014,17:50,SUN,NON-JUNCTION,ON ROADWAY,CLEAR,ICE/FROST,DAYLIGHT,NON-INJURY ACCIDENT (PROPERTY- DAMAGE-ONLY ACCIDENT),FIXED OBJECT,45.7328805,-110.2318082
C000090E,353+0.708,NOT IN CITY LIMITS,PARK,SEPTEMBER,2017,21:13,SAT,NON-JUNCTION,ON ROADWAY,CLEAR,DRY,DARK-NOT LIGHTED,NON-INCAPACITATING EVIDENT INJURY ACCIDENT,"SIDESWIPE, OPPOSITE DIRECTION",45.73468066,-110.2264709
C000090E,353+0.708,NOT IN CITY LIMITS,PARK,SEPTEMBER,2017,21:45,SAT,NON-JUNCTION,ON ROADWAY,CLEAR,DRY,DARK-NOT LIGHTED,NON-INJURY ACCIDENT (PROPERTY- DAMAGE-ONLY ACCIDENT),NOT FIXED OBJECT OR DEBRIS,45.73468066,-110.2264709
C000090E,353+0.932,,PARK,September,2015,6:30,THU,NON-JUNCTION,ON ROADWAY,CLOUDY,WET,DAWN,NON-INJURY ACCIDENT (PROPERTY- DAMAGE-ONLY ACCIDENT),WILD ANIMAL,45.73550124,-110.222014
C000090W,321+0.748,,PARK,February,2014,0:00,FRI,NON-JUNCTION,ROADSIDE RIGHT,SNOW,SNOW,DAYLIGHT,NON-INCAPACITATING EVIDENT INJURY ACCIDENT,FIXED OBJECT,45.66333167,-110.79533
C000090W,321+0.816,,PARK,February,2015,8:35,SAT,NON-JUNCTION,ON ROADWAY,CLOUDY,ICE/FROST,DAYLIGHT,POSSIBLE INJURY ACCIDENT,ROLL OVER,45.66304603,-110.7939672
C000090W,321+0.816,,PARK,December,2016,7:10,WED,NON-JUNCTION,ON ROADWAY,CLOUDY,ICE/FROST,DAYLIGHT,NON-INJURY ACCIDENT (PROPERTY- DAMAGE-ONLY ACCIDENT),FIXED OBJECT,45.66301727,-110.7940216
C000090W,321+0.816,NOT IN CITY LIMITS,PARK,JUNE,2017,20:44,WED,NON-JUNCTION,ON ROADWAY,CLEAR,DRY,DAYLIGHT,NON-INJURY ACCIDENT (PROPERTY- DAMAGE-ONLY ACCIDENT),REAR-END,45.66300626,-110.7940475
C000090W,321+0.829,,PARK,November,2016,17:30,WED,NON-JUNCTION,ROADSIDE LEFT,SNOW,SLUSH,DARK-NOT LIGHTED,NON-INJURY ACCIDENT (PROPERTY- DAMAGE-ONLY ACCIDENT),FIXED OBJECT,45.66301,-110.7937233
C000090W,321+0.841,,PARK,December,2015,19:50,FRI,NON-JUNCTION,ON ROADWAY,CLOUDY,ICE/FROST,DARK-NOT LIGHTED,NON-INJURY ACCIDENT (PROPERTY- DAMAGE-ONLY ACCIDENT),FIXED OBJECT,45.66289153,-110.7934684
C000090W,321+0.848,,PARK,December,2014,14:05,MON,NON-JUNCTION,ON ROADWAY,CLOUDY,ICE/FROST,DAYLIGHT,NON-INJURY ACCIDENT (PROPERTY- DAMAGE-ONLY ACCIDENT),FIXED OBJECT,45.662888,-110.7933171
C000090W,321+0.848,,PARK,December,2015,10:40,WED,NON-JUNCTION,ROADSIDE LEFT,CLOUDY,ICE/FROST,DAYLIGHT,NON-INJURY ACCIDENT (PROPERTY- DAMAGE-ONLY ACCIDENT),FIXED OBJECT,45.66282961,-110.7933518
C000090W,321+0.860,,PARK,November,2014,9:04,SAT,NON-JUNCTION,SHOULDER,CLEAR,ICE/FROST,DAYLIGHT,NON-INJURY ACCIDENT (PROPERTY- DAMAGE-ONLY ACCIDENT),FIXED OBJECT,45.66278167,-110.7931083
C000090W,321+0.860,,PARK,November,2014,7:50,SAT,NON-JUNCTION,SHOULDER,CLEAR,ICE/FROST,DAYLIGHT,NON-INCAPACITATING EVIDENT INJURY ACCIDENT,FIXED OBJECT,45.66278167,-110.7931083
C000090W,321+0.860,,PARK,December,2016,13:28,SUN,NON-JUNCTION,ON ROADWAY,CLOUDY,ICE/FROST,DAYLIGHT,NON-INJURY ACCIDENT (PROPERTY- DAMAGE-ONLY ACCIDENT),FIXED OBJECT,45.66281403,-110.7931069
C000090W,321+0.879,,PARK,November,2014,5:15,SAT,NON-JUNCTION,SHOULDER,CLEAR,SNOW,DARK-NOT LIGHTED,NON-INJURY ACCIDENT (PROPERTY- DAMAGE-ONLY ACCIDENT),FIXED OBJECT,45.66262861,-110.7928075
C000090W,321+0.885,,PARK,November,2014,15:11,FRI,NON-JUNCTION,ON ROADWAY,SNOW,SNOW,DAYLIGHT,NON-INJURY ACCIDENT (PROPERTY- DAMAGE-ONLY ACCIDENT),FIXED OBJECT,45.6625296,-110.7926897
C000090W,321+0.885,,PARK,November,2016,23:01,WED,NON-JUNCTION,ON ROADWAY,CLEAR,ICE/FROST,DARK-NOT LIGHTED,NON-INJURY ACCIDENT (PROPERTY- DAMAGE-ONLY ACCIDENT),FIXED OBJECT,45.66262516,-110.7926314
C000090W,321+0.891,,PARK,January,2014,8:56,WED,NON-JUNCTION,ROADSIDE LEFT,SNOW,SNOW,DAYLIGHT,NON-INJURY ACCIDENT (PROPERTY- DAMAGE-ONLY ACCIDENT),FIXED OBJECT,45.662585,-110.7925483
C000090W,321+0.897,NOT IN CITY LIMITS,PARK,JANUARY,2017,11:28,THU,NON-JUNCTION,ROADSIDE LEFT,CLEAR,ICE/FROST,DAYLIGHT,NON-INJURY ACCIDENT (PROPERTY- DAMAGE-ONLY ACCIDENT),ROLL OVER,45.66250906,-110.7925053
C000090W,321+0.965,,PARK,February,2016,9:30,SAT,NON-JUNCTION,ON ROADWAY,BLOWING SNOW,SNOW,DAYLIGHT,POSSIBLE INJURY ACCIDENT,REAR-END,45.6620709,-110.7912089