MDT_CORRIDOR_ID,SMS_REFPOST_OFFSET,CITY,COUNTY,Month,Year,SMS_TIME,SMT_CRASH_OCC_DAY_OF_WEEK,JUNCTION_RELATED,ROADWAY_RELATED,WEATHER_COND,ROAD_COND,LIGHT_COND,CRASH_SEVERITY,COLLISION_TYPE,LATITUDE,LONGITUDE
C000090W,321+0.977,,PARK,December,2016,6:10,MON,NON-JUNCTION,ROADSIDE LEFT,CLOUDY,ICE/FROST,DARK-NOT LIGHTED,NON-INJURY ACCIDENT (PROPERTY- DAMAGE-ONLY ACCIDENT),FIXED OBJECT,45.66214361,-110.7909344
C000090W,321+0.996,,PARK,December,2014,10:44,SUN,NON-JUNCTION,ROADSIDE RIGHT,SNOW,SNOW,DAYLIGHT,NON-INJURY ACCIDENT (PROPERTY- DAMAGE-ONLY ACCIDENT),ROLL OVER,45.66182,-110.79063
C000090W,321+0.996,NOT IN CITY LIMITS,PARK,JANUARY,2017,15:15,MON,NON-JUNCTION,ROADSIDE RIGHT,SLEET/HAIL/FREEZING RAIN/DRIZZLE,SLUSH,DAYLIGHT,NON-INJURY ACCIDENT (PROPERTY- DAMAGE-ONLY ACCIDENT),FIXED OBJECT,45.66182,-110.79063
C000090W,322+0.047,,PARK,November,2015,23:20,WED,NON-JUNCTION,ROADSIDE LEFT,SNOW,ICE/FROST,DARK-NOT LIGHTED,NON-INJURY ACCIDENT (PROPERTY- DAMAGE-ONLY ACCIDENT),ROLL OVER,45.66146383,-110.7898719
C000090W,322+0.189,,PARK,December,2014,21:33,MON,NON-JUNCTION,ROADSIDE RIGHT,CLEAR,ICE/FROST,DARK-NOT LIGHTED,POSSIBLE INJURY ACCIDENT,FIXED OBJECT,45.66047,-110.7872
C000090W,322+0.264,NOT IN CITY LIMITS,PARK,JULY,2017,11:40,FRI,NON-JUNCTION,SHOULDER,CLEAR,DRY,DAYLIGHT,NON-INJURY ACCIDENT (PROPERTY- DAMAGE-ONLY ACCIDENT),FIXED OBJECT,45.65995766,-110.7858433
C000090W,322+0.307,,PARK,March,2016,0:00,WED,NON-JUNCTION,ROADSIDE RIGHT,CLEAR,ICE/FROST,DAYLIGHT,NON-INJURY ACCIDENT (PROPERTY- DAMAGE-ONLY ACCIDENT),ROLL OVER,45.65975961,-110.784994
C000090W,322+0.351,NOT IN CITY LIMITS,PARK,JULY,2017,10:20,WED,NON-JUNCTION,ON ROADWAY,CLEAR,DRY,DAYLIGHT,NON-INJURY ACCIDENT (PROPERTY- DAMAGE-ONLY ACCIDENT),WILD ANIMAL,45.6594765,-110.7842489
C000090W,322+0.370,NOT IN CITY LIMITS,PARK,JUNE,2017,10:20,SUN,NON-JUNCTION,ON ROADWAY,CLOUDY,DRY,DAYLIGHT,NON-INCAPACITATING EVIDENT INJURY ACCIDENT,WILD ANIMAL,45.65917166,-110.7839367
C000090W,322+0.475,,PARK,November,2016,7:40,TUE,NON-JUNCTION,ON ROADWAY,CLOUDY,DRY,DAYLIGHT,NON-INJURY ACCIDENT (PROPERTY- DAMAGE-ONLY ACCIDENT),WILD ANIMAL,45.65852364,-110.7820756
C000090W,322+0.766,,PARK,April,2014,7:25,WED,NON-JUNCTION,ROADSIDE LEFT,SNOW,SNOW,DAWN,NON-INJURY ACCIDENT (PROPERTY- DAMAGE-ONLY ACCIDENT),FIXED OBJECT,45.65659622,-110.7767644
C000090W,322+0.835,,PARK,March,2014,18:45,SUN,OTHER LOCATION,ROADSIDE RIGHT,SNOW,SNOW,DAYLIGHT,NON-INJURY ACCIDENT (PROPERTY- DAMAGE-ONLY ACCIDENT),FIXED OBJECT,45.6562785,-110.7754063
C000090W,322+0.897,NOT IN CITY LIMITS,PARK,NOVEMBER,2017,17:15,WED,NON-JUNCTION,ROADSIDE RIGHT,SNOW,SLUSH,DAYLIGHT,NON-INJURY ACCIDENT (PROPERTY- DAMAGE-ONLY ACCIDENT),ROLL OVER,45.65621053,-110.7740447
C000090W,323+0.000,,PARK,April,2015,23:40,TUE,NON-JUNCTION,ROADSIDE RIGHT,SNOW,SNOW,DARK-NOT LIGHTED,NON-INJURY ACCIDENT (PROPERTY- DAMAGE-ONLY ACCIDENT),JACKKNIFE,45.65645,-110.77209
C000090W,323+0.000,,PARK,January,2016,21:15,SUN,NON-JUNCTION,ROADSIDE RIGHT,CLOUDY,ICE/FROST,DARK-NOT LIGHTED,NON-INCAPACITATING EVIDENT INJURY ACCIDENT,ROLL OVER,45.65645,-110.77209
C000090W,323+0.000,,PARK,December,2016,12:35,MON,NON-JUNCTION,ROADSIDE RIGHT,CLOUDY,ICE/FROST,DAYLIGHT,NON-INJURY ACCIDENT (PROPERTY- DAMAGE-ONLY ACCIDENT),FIXED OBJECT,45.65645,-110.77209
C000090W,323+0.193,,PARK,May,2016,0:11,WED,NON-JUNCTION,ON ROADWAY,CLEAR,DRY,DARK-NOT LIGHTED,POSSIBLE INJURY ACCIDENT,WILD ANIMAL,45.65754039,-110.7684828
C000090W,323+0.243,NOT IN CITY LIMITS,PARK,JULY,2017,17:59,SUN,NON-JUNCTION,ON ROADWAY,CLEAR,DRY,DAYLIGHT,NON-INJURY ACCIDENT (PROPERTY- DAMAGE-ONLY ACCIDENT),"SIDESWIPE, SAME DIRECTION",45.65778706,-110.7674793
C000090W,323+0.435,,PARK,September,2014,19:11,FRI,NON-JUNCTION,MEDIAN,CLEAR,DRY,DAYLIGHT,INCAPACITATING INJURY ACCIDENT,ROLL OVER,45.65839833,-110.7636083
C000090W,323+0.441,NOT IN CITY LIMITS,PARK,FEBRUARY,2017,7:00,WED,NON-JUNCTION,MEDIAN,SNOW,SNOW,DAYLIGHT,NON-INJURY ACCIDENT (PROPERTY- DAMAGE-ONLY ACCIDENT),ROLL OVER,45.65839915,-110.7634604
C000090W,323+0.683,,PARK,December,2015,0:00,THU,NON-JUNCTION,ROADSIDE RIGHT,SNOW,ICE/FROST,DARK-NOT LIGHTED,NON-INJURY ACCIDENT (PROPERTY- DAMAGE-ONLY ACCIDENT),ROLL OVER,45.65920347,-110.7585262
C000090W,323+0.733,,PARK,January,2014,20:38,SAT,NON-JUNCTION,SHOULDER,SNOW,ICE/FROST,DARK-NOT LIGHTED,NON-INJURY ACCIDENT (PROPERTY- DAMAGE-ONLY ACCIDENT),ROLL OVER,45.65933241,-110.7575133
C000090W,323+1.013,,PARK,November,2016,18:36,THU,NON-JUNCTION,ON ROADWAY,CLEAR,DRY,DARK-NOT LIGHTED,NON-INJURY ACCIDENT (PROPERTY- DAMAGE-ONLY ACCIDENT),WILD ANIMAL,45.66007,-110.75185
C000090W,324+0.029,NOT IN CITY LIMITS,PARK,NOVEMBER,2017,6:50,TUE,NON-JUNCTION,ROADSIDE RIGHT,"FOG, SMOG, SMOKE",ICE/FROST,DAYLIGHT,NON-INJURY ACCIDENT (PROPERTY- DAMAGE-ONLY ACCIDENT),ROLL OVER,45.66021624,-110.751299
C000090W,324+0.228,,PARK,December,2014,16:32,SUN,NON-JUNCTION,ON ROADWAY,SNOW,SNOW,DAYLIGHT,NON-INJURY ACCIDENT (PROPERTY- DAMAGE-ONLY ACCIDENT),JACKKNIFE,45.66208,-110.748
C000090W,324+0.886,,PARK,March,2016,16:15,THU,NON-JUNCTION,ROADSIDE RIGHT,SNOW,SLUSH,DAYLIGHT,POSSIBLE INJURY ACCIDENT,ROLL OVER,45.66139559,-110.7342779
C000090W,325+0.107,NOT IN CITY LIMITS,PARK,AUGUST,2017,9:37,FRI,NON-JUNCTION,ON ROADWAY,"FOG, SMOG, SMOKE",DRY,DAYLIGHT,NON-INJURY ACCIDENT (PROPERTY- DAMAGE-ONLY ACCIDENT),WILD ANIMAL,45.66179438,-110.7298608
C000090W,325+0.125,,PARK,September,2016,2:30,FRI,NON-JUNCTION,ON ROADWAY,CLEAR,DRY,DARK-NOT LIGHTED,NON-INJURY ACCIDENT (PROPERTY- DAMAGE-ONLY ACCIDENT),WILD ANIMAL,45.66182267,-110.7294012
C000090W,325+0.399,,PARK,August,2014,22:51,TUE,NON-JUNCTION,ON ROADWAY,CLOUDY,DRY,DAYLIGHT,NON-INJURY ACCIDENT (PROPERTY- DAMAGE-ONLY ACCIDENT),WILD ANIMAL,45.66238329,-110.723928
C000090W,325+0.405,,PARK,February,2016,17:10,THU,NON-JUNCTION,ROADSIDE RIGHT,BLOWING SNOW,SNOW,DAYLIGHT,NON-INCAPACITATING EVIDENT INJURY ACCIDENT,ROLL OVER,45.66243214,-110.7237582
C000090W,325+0.411,,PARK,April,2014,4:15,WED,NON-JUNCTION,ROADSIDE RIGHT,CLOUDY,ICE/FROST,DARK-NOT LIGHTED,NON-INJURY ACCIDENT (PROPERTY- DAMAGE-ONLY ACCIDENT),ROLL OVER,45.66246464,-110.7235887
C000090W,325+0.449,,PARK,January,2014,8:43,SUN,NON-JUNCTION,SHOULDER,BLOWING SNOW,ICE/FROST,DAYLIGHT,NON-INJURY ACCIDENT (PROPERTY- DAMAGE-ONLY ACCIDENT),ROLL OVER,45.66258667,-110.7228917
C000090W,325+0.529,,PARK,March,2015,14:40,SUN,NON-JUNCTION,ON ROADWAY,CLOUDY,DRY,DAYLIGHT,NON-INJURY ACCIDENT (PROPERTY- DAMAGE-ONLY ACCIDENT),FIRE/ EXPLOSION,45.66308,-110.72145
C000090W,325+0.610,NOT IN CITY LIMITS,PARK,AUGUST,2017,5:25,FRI,NON-JUNCTION,ON ROADWAY,CLEAR,DRY,DARK-NOT LIGHTED,NON-INJURY ACCIDENT (PROPERTY- DAMAGE-ONLY ACCIDENT),WILD ANIMAL,45.66358756,-110.7198746
C000090W,325+0.691,,PARK,February,2015,9:24,MON,NON-JUNCTION,ROADSIDE RIGHT,CLEAR,DRY,DAYLIGHT,INCAPACITATING INJURY ACCIDENT,ROLL OVER,45.66389,-110.7183
C000090W,325+0.845,,PARK,January,2016,20:45,SAT,NON-JUNCTION,ROADSIDE RIGHT,SNOW,ICE/FROST,DARK-NOT LIGHTED,NON-INJURY ACCIDENT (PROPERTY- DAMAGE-ONLY ACCIDENT),ROLL OVER,45.66380706,-110.7150875
C000090W,325+0.851,,PARK,May,2016,21:50,TUE,NON-JUNCTION,ON ROADWAY,CLOUDY,DRY,DARK-NOT LIGHTED,NON-INJURY ACCIDENT (PROPERTY- DAMAGE-ONLY ACCIDENT),WILD ANIMAL,45.66378159,-110.7149735
C000090W,325+0.981,NOT IN CITY LIMITS,PARK,OCTOBER,2017,7:55,TUE,NON-JUNCTION,ROADSIDE RIGHT,CLOUDY,ICE/FROST,DAYLIGHT,NON-INCAPACITATING EVIDENT INJURY ACCIDENT,ROLL OVER,45.66356807,-110.712103
C000090W,325+1.006,,PARK,February,2014,18:00,SUN,NON-JUNCTION,ROADSIDE RIGHT,CLOUDY,ICE/FROST,DUSK,NON-INJURY ACCIDENT (PROPERTY- DAMAGE-ONLY ACCIDENT),FIXED OBJECT,45.66340833,-110.7117533
C000090W,326+0.052,,PARK,January,2014,3:20,SUN,NON-JUNCTION,MEDIAN,BLOWING SNOW,ICE/FROST,DARK-NOT LIGHTED,NON-INJURY ACCIDENT (PROPERTY- DAMAGE-ONLY ACCIDENT),JACKKNIFE,45.66317831,-110.7101558
C000090W,326+0.201,,PARK,November,2014,9:15,SUN,NON-JUNCTION,ON ROADWAY,CLEAR,SNOW,DAYLIGHT,NON-INJURY ACCIDENT (PROPERTY- DAMAGE-ONLY ACCIDENT),FIXED OBJECT,45.66299167,-110.70712
C000090W,326+0.332,,PARK,August,2015,22:38,TUE,NON-JUNCTION,ROADSIDE RIGHT,CLEAR,DRY,DARK-NOT LIGHTED,NON-INJURY ACCIDENT (PROPERTY- DAMAGE-ONLY ACCIDENT),ROLL OVER,45.66291167,-110.70438
C000090W,326+0.363,NOT IN CITY LIMITS,PARK,DECEMBER,2017,16:05,SAT,NON-JUNCTION,ON ROADWAY,SNOW,ICE/FROST,DAYLIGHT,NON-INJURY ACCIDENT (PROPERTY- DAMAGE-ONLY ACCIDENT),"SIDESWIPE, SAME DIRECTION",45.6629687,-110.7038031
C000090W,326+0.631,,PARK,March,2014,17:20,SAT,NON-JUNCTION,MEDIAN,BLOWING SNOW,ICE/FROST,DAYLIGHT,NON-INJURY ACCIDENT (PROPERTY- DAMAGE-ONLY ACCIDENT),FIXED OBJECT,45.66403901,-110.6985082
C000090W,326+0.724,NOT IN CITY LIMITS,PARK,JUNE,2017,16:10,TUE,NON-JUNCTION,ROADSIDE RIGHT,CLOUDY,DRY,DAYLIGHT,NON-INJURY ACCIDENT (PROPERTY- DAMAGE-ONLY ACCIDENT),FIXED OBJECT,45.66437674,-110.6965949
C000090W,326+0.804,,PARK,March,2014,10:50,MON,NON-JUNCTION,ON ROADWAY,CLOUDY,SLUSH,DAYLIGHT,NON-INJURY ACCIDENT (PROPERTY- DAMAGE-ONLY ACCIDENT),RIGHT ANGLE,45.66446934,-110.695018
C000090W,326+0.897,,PARK,July,2015,1:50,FRI,NON-JUNCTION,ON ROADWAY,CLOUDY,DRY,DARK-NOT LIGHTED,NON-INJURY ACCIDENT (PROPERTY- DAMAGE-ONLY ACCIDENT),WILD ANIMAL,45.66442491,-110.6930031
C000090W,326+0.922,,PARK,January,2014,20:15,FRI,NON-JUNCTION,ROADSIDE RIGHT,SNOW,WET,DARK-NOT LIGHTED,INCAPACITATING INJURY ACCIDENT,FIXED OBJECT,45.66441626,-110.6925177
C000090W,326+0.960,,PARK,March,2016,14:22,FRI,NON-JUNCTION,ROADSIDE RIGHT,CLEAR,DRY,DAYLIGHT,NON-INCAPACITATING EVIDENT INJURY ACCIDENT,ROLL OVER,45.66434447,-110.6918279
C000090W,326+0.966,,PARK,March,2016,14:50,THU,NON-JUNCTION,MEDIAN,CLOUDY,DRY,DAYLIGHT,NON-INJURY ACCIDENT (PROPERTY- DAMAGE-ONLY ACCIDENT),FIXED OBJECT,45.66445403,-110.6914411
C000090W,327+0.255,,PARK,July,2014,18:30,TUE,NON-JUNCTION,SHOULDER,RAIN,WET,DAYLIGHT,NON-INJURY ACCIDENT (PROPERTY- DAMAGE-ONLY ACCIDENT),FIXED OBJECT,45.66463,-110.6863
C000090W,327+0.385,,PARK,January,2016,8:17,SUN,NON-JUNCTION,ROADSIDE RIGHT,CLOUDY,ICE/FROST,DAYLIGHT,NON-INJURY ACCIDENT (PROPERTY- DAMAGE-ONLY ACCIDENT),ROLL OVER,45.6644445,-110.683678
C000090W,327+0.459,NOT IN CITY LIMITS,PARK,MARCH,2017,7:15,TUE,NON-JUNCTION,ROADSIDE RIGHT,"FOG, SMOG, SMOKE",ICE/FROST,DAWN,NON-INJURY ACCIDENT (PROPERTY- DAMAGE-ONLY ACCIDENT),ROLL OVER,45.66417181,-110.6821733
C000090W,327+0.982,,PARK,August,2016,19:25,WED,NON-JUNCTION,ON ROADWAY,CLOUDY,DRY,DUSK,NON-INJURY ACCIDENT (PROPERTY- DAMAGE-ONLY ACCIDENT),FIXED OBJECT,45.66300601,-110.6715338
C000090W,328+0.054,,PARK,November,2014,11:54,FRI,NON-JUNCTION,ON ROADWAY,CLEAR,DRY,DAYLIGHT,NON-INJURY ACCIDENT (PROPERTY- DAMAGE-ONLY ACCIDENT),FIXED OBJECT,45.66289497,-110.6700332
C000090W,328+0.092,,PARK,May,2016,20:15,SAT,NON-JUNCTION,ON ROADWAY,CLOUDY,DRY,DAYLIGHT,NON-INJURY ACCIDENT (PROPERTY- DAMAGE-ONLY ACCIDENT),WILD ANIMAL,45.66285054,-110.6692341
C000090W,328+0.104,,PARK,November,2014,16:10,MON,NON-JUNCTION,ON ROADWAY,CLOUDY,DRY,DAYLIGHT,NON-INJURY ACCIDENT (PROPERTY- DAMAGE-ONLY ACCIDENT),WILD ANIMAL,45.66266279,-110.6691043
C000090W,328+0.111,,PARK,July,2015,21:45,WED,NON-JUNCTION,ON ROADWAY,CLEAR,DRY,DARK-NOT LIGHTED,NON-INJURY ACCIDENT (PROPERTY- DAMAGE-ONLY ACCIDENT),WILD ANIMAL,45.66276749,-110.6688611
C000090W,328+0.111,NOT IN CITY LIMITS,PARK,JULY,2017,22:10,FRI,NON-JUNCTION,ON ROADWAY,CLEAR,DRY,DARK-NOT LIGHTED,NON-INJURY ACCIDENT (PROPERTY- DAMAGE-ONLY ACCIDENT),WILD ANIMAL,45.66267483,-110.6688807
C000090W,328+0.222,,PARK,January,2014,15:55,WED,NON-JUNCTION,ROADSIDE RIGHT,SNOW,SNOW,DAYLIGHT,POSSIBLE INJURY ACCIDENT,ROLL OVER,45.66227688,-110.6666454
C000090W,328+0.228,,PARK,December,2014,8:50,THU,NON-JUNCTION,SHOULDER,SNOW,SNOW,DAYLIGHT,NON-INJURY ACCIDENT (PROPERTY- DAMAGE-ONLY ACCIDENT),FIXED OBJECT,45.66215167,-110.6665783
C000090W,328+0.284,,PARK,December,2015,10:00,FRI,NON-JUNCTION,ROADSIDE RIGHT,BLOWING SNOW,SNOW,DAYLIGHT,POSSIBLE INJURY ACCIDENT,ROLL OVER,45.66191516,-110.6655167
C000090W,328+0.290,,PARK,July,2015,9:00,SUN,NON-JUNCTION,ON ROADWAY,CLEAR,DRY,DAYLIGHT,NON-INJURY ACCIDENT (PROPERTY- DAMAGE-ONLY ACCIDENT),WILD ANIMAL,45.66198076,-110.6653356
C000090W,328+0.340,NOT IN CITY LIMITS,PARK,MARCH,2017,6:38,TUE,NON-JUNCTION,MEDIAN,SLEET/HAIL/FREEZING RAIN/DRIZZLE,ICE/FROST,DAWN,NON-INJURY ACCIDENT (PROPERTY- DAMAGE-ONLY ACCIDENT),ROLL OVER,45.66170123,-110.6643461
C000090W,328+0.340,NOT IN CITY LIMITS,PARK,MARCH,2017,6:40,TUE,NON-JUNCTION,ROADSIDE RIGHT,SLEET/HAIL/FREEZING RAIN/DRIZZLE,ICE/FROST,DAWN,NON-INCAPACITATING EVIDENT INJURY ACCIDENT,ROLL OVER,45.66169393,-110.6643662
C000090W,328+0.365,,PARK,November,2015,10:12,WED,NON-JUNCTION,ROADSIDE LEFT,SNOW,ICE/FROST,DAYLIGHT,NON-INJURY ACCIDENT (PROPERTY- DAMAGE-ONLY ACCIDENT),ROLL OVER,45.66145603,-110.6639553
C000090W,328+0.409,,PARK,November,2014,9:40,WED,NON-JUNCTION,ROADSIDE RIGHT,CLEAR,ICE/FROST,DAYLIGHT,NON-INJURY ACCIDENT (PROPERTY- DAMAGE-ONLY ACCIDENT),ROLL OVER,45.66130675,-110.663059
C000090W,328+0.421,,PARK,November,2014,9:50,FRI,NON-JUNCTION,ROADSIDE LEFT,BLOWING SNOW,ICE/FROST,DAYLIGHT,NON-INJURY ACCIDENT (PROPERTY- DAMAGE-ONLY ACCIDENT),FIXED OBJECT,45.66118723,-110.662809
C000090W,328+0.552,,PARK,October,2016,7:40,SAT,NON-JUNCTION,ON ROADWAY,RAIN,WET,DAYLIGHT,NON-INJURY ACCIDENT (PROPERTY- DAMAGE-ONLY ACCIDENT),WILD ANIMAL,45.66124913,-110.6602233
C000090W,328+0.552,NOT IN CITY LIMITS,PARK,FEBRUARY,2017,15:40,SUN,NON-JUNCTION,ROADSIDE RIGHT,SLEET/HAIL/FREEZING RAIN/DRIZZLE,SLUSH,DAYLIGHT,NON-INJURY ACCIDENT (PROPERTY- DAMAGE-ONLY ACCIDENT),ROLL OVER,45.66119935,-110.6601655
C000090W,328+0.658,NOT IN CITY LIMITS,PARK,MAY,2017,19:47,WED,NON-JUNCTION,ON ROADWAY,SNOW,SNOW,DAYLIGHT,NON-INJURY ACCIDENT (PROPERTY- DAMAGE-ONLY ACCIDENT),"SIDESWIPE, SAME DIRECTION",45.66138512,-110.6579855
C000090W,328+0.757,,PARK,September,2015,7:30,WED,NON-JUNCTION,SHOULDER,CLEAR,DRY,DAYLIGHT,NON-INCAPACITATING EVIDENT INJURY ACCIDENT,ROLL OVER,45.66127961,-110.6559152
C000090W,328+0.881,,PARK,November,2014,17:30,TUE,NON-JUNCTION,ON ROADWAY,CLEAR,DRY,DARK-NOT LIGHTED,NON-INJURY ACCIDENT (PROPERTY- DAMAGE-ONLY ACCIDENT),WILD ANIMAL,45.66111059,-110.6534655
C000090W,328+0.881,NOT IN CITY LIMITS,PARK,NOVEMBER,2017,23:25,WED,NON-JUNCTION,ON ROADWAY,SNOW,ICE/FROST,DARK-NOT LIGHTED,NON-INJURY ACCIDENT (PROPERTY- DAMAGE-ONLY ACCIDENT),"SIDESWIPE, SAME DIRECTION",45.66114773,-110.6534023
C000090W,328+0.949,,PARK,November,2016,6:25,MON,NON-JUNCTION,ON ROADWAY,SNOW,ICE/FROST,DARK-NOT LIGHTED,NON-INJURY ACCIDENT (PROPERTY- DAMAGE-ONLY ACCIDENT),WILD ANIMAL,45.66112756,-110.6519991
C000090W,329+0.114,LIVINGSTON,PARK,January,2014,12:30,SAT,NON-JUNCTION,OUTSIDE RIGHT-OF-WAY (TRAFFICWAY),SNOW,ICE/FROST,DAYLIGHT,NON-INJURY ACCIDENT (PROPERTY- DAMAGE-ONLY ACCIDENT),ROLL OVER,45.66168261,-110.6489484
C000090W,329+0.231,NOT IN CITY LIMITS,PARK,JULY,2017,4:50,SUN,NON-JUNCTION,ON ROADWAY,CLEAR,DRY,DAWN,NON-INJURY ACCIDENT (PROPERTY- DAMAGE-ONLY ACCIDENT),WILD ANIMAL,45.66206426,-110.6465767
C000090W,329+0.567,,PARK,July,2016,20:40,FRI,NON-JUNCTION,ON ROADWAY,CLEAR,DRY,DAYLIGHT,NON-INJURY ACCIDENT (PROPERTY- DAMAGE-ONLY ACCIDENT),WILD ANIMAL,45.66158881,-110.639727
C000090W,329+0.591,,PARK,January,2016,15:55,TUE,NON-JUNCTION,MEDIAN,CLEAR,DRY,DAYLIGHT,NON-INJURY ACCIDENT (PROPERTY- DAMAGE-ONLY ACCIDENT),FIXED OBJECT,45.66134718,-110.6393811
C000090W,329+0.776,,PARK,November,2014,13:00,MON,NON-JUNCTION,SHOULDER,CLOUDY,ICE/FROST,DAYLIGHT,NON-INJURY ACCIDENT (PROPERTY- DAMAGE-ONLY ACCIDENT),FIXED OBJECT,45.66013973,-110.6359915
C000090W,329+1.082,,PARK,December,2014,5:40,MON,NON-JUNCTION,ROADSIDE RIGHT,CLEAR,ICE/FROST,DARK-NOT LIGHTED,INCAPACITATING INJURY ACCIDENT,ROLL OVER,45.65769,-110.63063
C000090W,329+1.082,,PARK,October,2015,7:20,WED,NON-JUNCTION,ON ROADWAY,CLEAR,DRY,DAYLIGHT,NON-INJURY ACCIDENT (PROPERTY- DAMAGE-ONLY ACCIDENT),WILD ANIMAL,45.65769,-110.63063
C000090W,330+0.097,,PARK,December,2015,21:08,TUE,NON-JUNCTION,MEDIAN,SNOW,ICE/FROST,DARK-NOT LIGHTED,POSSIBLE INJURY ACCIDENT,ROLL OVER,45.6569371,-110.6288884
C000090W,330+0.345,,PARK,November,2016,6:15,MON,NON-JUNCTION,ROADSIDE RIGHT,SNOW,ICE/FROST,DARK-NOT LIGHTED,NON-INJURY ACCIDENT (PROPERTY- DAMAGE-ONLY ACCIDENT),ROLL OVER,45.65542098,-110.6243406
C000090W,330+0.407,NOT IN CITY LIMITS,PARK,APRIL,2017,11:52,WED,NON-JUNCTION,ON ROADWAY,CLEAR,DRY,DAYLIGHT,NON-INCAPACITATING EVIDENT INJURY ACCIDENT,REAR-END,45.65502997,-110.6232123
C000090W,330+0.482,NOT IN CITY LIMITS,PARK,JANUARY,2017,17:15,SAT,NON-JUNCTION,SHOULDER,BLOWING SNOW,SNOW,DUSK,NON-INJURY ACCIDENT (PROPERTY- DAMAGE-ONLY ACCIDENT),ROLL OVER,45.65459032,-110.6217927
C000090W,330+0.501,,PARK,February,2014,7:21,WED,NON-JUNCTION,ON ROADWAY,BLOWING SNOW,SNOW,DAYLIGHT,NON-INJURY ACCIDENT (PROPERTY- DAMAGE-ONLY ACCIDENT),REAR-END,45.65438233,-110.6213847
C000090W,330+0.613,,PARK,May,2015,5:20,FRI,NON-JUNCTION,ON ROADWAY,CLEAR,DRY,DAWN,NON-INJURY ACCIDENT (PROPERTY- DAMAGE-ONLY ACCIDENT),NOT FIXED OBJECT OR DEBRIS,45.65374939,-110.6193464
C000090W,330+0.719,,PARK,November,2016,17:15,TUE,NON-JUNCTION,SHOULDER,CLOUDY,DRY,DARK-NOT LIGHTED,POSSIBLE INJURY ACCIDENT,ROLL OVER,45.65316056,-110.6172796
C000090W,331+0.006,LIVINGSTON,PARK,August,2015,22:50,SUN,NON-JUNCTION,ON ROADWAY,CLEAR,DRY,DARK-NOT LIGHTED,NON-INJURY ACCIDENT (PROPERTY- DAMAGE-ONLY ACCIDENT),WILD ANIMAL,45.65146809,-110.6123113
C000090W,331+0.031,LIVINGSTON,PARK,February,2015,15:30,SUN,NON-JUNCTION,ON ROADWAY,CLEAR,DRY,DAYLIGHT,NON-INJURY ACCIDENT (PROPERTY- DAMAGE-ONLY ACCIDENT),FIXED OBJECT,45.65125292,-110.6118809
C000090W,331+0.210,,PARK,December,2016,13:08,MON,NON-JUNCTION,ON ROADWAY,BLOWING SNOW,DRY,DAYLIGHT,NON-INCAPACITATING EVIDENT INJURY ACCIDENT,ROLL OVER,45.65021741,-110.6085604
C000090W,331+0.231,,PARK,October,2014,19:55,FRI,NON-JUNCTION,ON ROADWAY,CLOUDY,DRY,DARK-NOT LIGHTED,NON-INJURY ACCIDENT (PROPERTY- DAMAGE-ONLY ACCIDENT),WILD ANIMAL,45.65012933,-110.6080902
C000090W,331+0.454,NOT IN CITY LIMITS,PARK,JUNE,2017,17:00,WED,NON-JUNCTION,SHOULDER,CLOUDY,DRY,DAYLIGHT,NON-INCAPACITATING EVIDENT INJURY ACCIDENT,FIXED OBJECT,45.64867401,-110.6040726
C000090W,331+0.684,,PARK,December,2015,14:35,MON,NON-JUNCTION,SHOULDER,SEVERE CROSSWINDS,DRY,DAYLIGHT,NON-INJURY ACCIDENT (PROPERTY- DAMAGE-ONLY ACCIDENT),ROLL OVER,45.64768783,-110.5995544
C000090W,331+0.715,,PARK,March,2016,18:20,THU,NON-JUNCTION,MEDIAN,SEVERE CROSSWINDS,DRY,DUSK,NON-INCAPACITATING EVIDENT INJURY ACCIDENT,ROLL OVER,45.64744188,-110.5988988
C000090W,331+0.721,,PARK,December,2015,10:35,MON,NON-JUNCTION,ROADSIDE RIGHT,SEVERE CROSSWINDS,DRY,DAYLIGHT,NON-INJURY ACCIDENT (PROPERTY- DAMAGE-ONLY ACCIDENT),ROLL OVER,45.64759447,-110.5987777
C000090W,331+0.733,,PARK,October,2016,3:00,FRI,NON-JUNCTION,ON ROADWAY,SEVERE CROSSWINDS,DRY,DARK-NOT LIGHTED,NON-INJURY ACCIDENT (PROPERTY- DAMAGE-ONLY ACCIDENT),ROLL OVER,45.64749339,-110.5985427