MDT_CORRIDOR_ID,SMS_REFPOST_OFFSET,CITY,COUNTY,Month,Year,SMS_TIME,SMT_CRASH_OCC_DAY_OF_WEEK,JUNCTION_RELATED,ROADWAY_RELATED,WEATHER_COND,ROAD_COND,LIGHT_COND,CRASH_SEVERITY,COLLISION_TYPE,LATITUDE,LONGITUDE
C000090W,331+0.752,NOT IN CITY LIMITS,PARK,APRIL,2017,10:00,FRI,NON-JUNCTION,ON ROADWAY,SEVERE CROSSWINDS,DRY,DAYLIGHT,NON-INJURY ACCIDENT (PROPERTY- DAMAGE-ONLY ACCIDENT),ROLL OVER,45.6474519,-110.5981796
C000090W,331+0.759,,PARK,December,2015,2:05,FRI,NON-JUNCTION,ON ROADWAY,SEVERE CROSSWINDS,DRY,DARK-NOT LIGHTED,NON-INJURY ACCIDENT (PROPERTY- DAMAGE-ONLY ACCIDENT),ROLL OVER,45.6474542,-110.5980525
C000090W,331+0.759,,PARK,October,2016,12:31,THU,NON-JUNCTION,ON ROADWAY,CLEAR,DRY,DAYLIGHT,NON-INJURY ACCIDENT (PROPERTY- DAMAGE-ONLY ACCIDENT),ROLL OVER,45.64732597,-110.5980223
C000090W,331+0.765,,PARK,December,2015,8:20,SUN,NON-JUNCTION,ON ROADWAY,SEVERE CROSSWINDS,DRY,DAYLIGHT,NON-INCAPACITATING EVIDENT INJURY ACCIDENT,ROLL OVER,45.64736079,-110.5979251
C000090W,331+0.777,,PARK,March,2015,10:10,SAT,NON-JUNCTION,ROADSIDE RIGHT,SEVERE CROSSWINDS,DRY,DAYLIGHT,NON-INCAPACITATING EVIDENT INJURY ACCIDENT,ROLL OVER,45.6474041,-110.5976464
C000090W,331+0.845,NOT IN CITY LIMITS,PARK,FEBRUARY,2017,14:24,THU,NON-JUNCTION,ROADSIDE RIGHT,SEVERE CROSSWINDS,DRY,DAYLIGHT,NON-INJURY ACCIDENT (PROPERTY- DAMAGE-ONLY ACCIDENT),ROLL OVER,45.64716367,-110.5963051
C000090W,331+0.864,,PARK,June,2016,8:25,WED,NON-JUNCTION,ON ROADWAY,CLEAR,DRY,DAYLIGHT,NON-INJURY ACCIDENT (PROPERTY- DAMAGE-ONLY ACCIDENT),WILD ANIMAL,45.64708151,-110.5959609
C000090W,331+0.914,,PARK,August,2015,13:38,SAT,NON-JUNCTION,ON ROADWAY,CLOUDY,DRY,DAYLIGHT,NON-INJURY ACCIDENT (PROPERTY- DAMAGE-ONLY ACCIDENT),ROLL OVER,45.64688716,-110.5949004
C000090W,332+0.016,,PARK,May,2014,5:45,MON,NON-JUNCTION,ON ROADWAY,CLEAR,DRY,DAYLIGHT,NON-INJURY ACCIDENT (PROPERTY- DAMAGE-ONLY ACCIDENT),WILD ANIMAL,45.64658833,-110.5929183
C000090W,332+0.127,NOT IN CITY LIMITS,PARK,FEBRUARY,2017,8:47,FRI,NON-JUNCTION,MEDIAN,CLOUDY,ICE/FROST,DAYLIGHT,NON-INCAPACITATING EVIDENT INJURY ACCIDENT,ROLL OVER,45.64623613,-110.5906898
C000090W,332+0.333,,PARK,May,2016,21:35,MON,NON-JUNCTION,ON ROADWAY,CLOUDY,DRY,DARK-NOT LIGHTED,NON-INJURY ACCIDENT (PROPERTY- DAMAGE-ONLY ACCIDENT),WILD ANIMAL,45.64551772,-110.5866015
C000090W,332+0.370,,PARK,November,2016,19:20,WED,NON-JUNCTION,ON ROADWAY,CLOUDY,DRY,DARK-NOT LIGHTED,NON-INJURY ACCIDENT (PROPERTY- DAMAGE-ONLY ACCIDENT),WILD ANIMAL,45.64536531,-110.5858238
C000090W,332+0.370,,PARK,March,2016,0:45,FRI,NON-JUNCTION,ON ROADWAY,SEVERE CROSSWINDS,DRY,DARK-NOT LIGHTED,NON-INJURY ACCIDENT (PROPERTY- DAMAGE-ONLY ACCIDENT),NOT FIXED OBJECT OR DEBRIS,45.64537333,-110.5858033
C000090W,332+0.487,NOT IN CITY LIMITS,PARK,JUNE,2017,17:00,TUE,NON-JUNCTION,ON ROADWAY,CLOUDY,DRY,DAYLIGHT,NON-INJURY ACCIDENT (PROPERTY- DAMAGE-ONLY ACCIDENT),FIXED OBJECT,45.64503405,-110.5834537
C000090W,332+0.518,LIVINGSTON,PARK,July,2016,7:30,WED,NON-JUNCTION,ON ROADWAY,CLEAR,DRY,DAYLIGHT,NON-INJURY ACCIDENT (PROPERTY- DAMAGE-ONLY ACCIDENT),WILD ANIMAL,45.64492949,-110.5829652
C000090W,332+0.582,NOT IN CITY LIMITS,PARK,JANUARY,2017,15:40,FRI,NON-JUNCTION,MEDIAN,CLOUDY,WET,DAYLIGHT,NON-INJURY ACCIDENT (PROPERTY- DAMAGE-ONLY ACCIDENT),ROLL OVER,45.6446387,-110.5815407
C000090W,332+0.898,LIVINGSTON,PARK,November,2014,9:00,SAT,NON-JUNCTION,ON ROADWAY,CLOUDY,ICE/FROST,DAYLIGHT,NON-INJURY ACCIDENT (PROPERTY- DAMAGE-ONLY ACCIDENT),FIXED OBJECT,45.64447667,-110.5750933
C000090W,332+0.986,LIVINGSTON,PARK,November,2014,11:26,MON,NON-JUNCTION,ON ROADWAY,CLEAR,DRY,DAYLIGHT,NON-INJURY ACCIDENT (PROPERTY- DAMAGE-ONLY ACCIDENT),"SIDESWIPE, SAME DIRECTION",45.6444671,-110.5731948
C000090W,332+1.011,LIVINGSTON,PARK,November,2015,20:05,TUE,NON-JUNCTION,ON ROADWAY,CLOUDY,ICE/FROST,DARK-NOT LIGHTED,NON-INJURY ACCIDENT (PROPERTY- DAMAGE-ONLY ACCIDENT),JACKKNIFE,45.64453,-110.57268
C000090W,333+0.127,LIVINGSTON,PARK,August,2016,19:55,SAT,NON-JUNCTION,ON ROADWAY,CLEAR,DRY,DUSK,NON-INJURY ACCIDENT (PROPERTY- DAMAGE-ONLY ACCIDENT),WILD ANIMAL,45.64453885,-110.5700461
C000090W,333+0.170,LIVINGSTON,PARK,December,2016,10:12,SUN,ENTRANCE/EXIT RAMP,SHOULDER,CLOUDY,ICE/FROST,DAYLIGHT,NON-INJURY ACCIDENT (PROPERTY- DAMAGE-ONLY ACCIDENT),FIXED OBJECT,45.64462761,-110.5691581
C000090W,333+0.531,LIVINGSTON,PARK,January,2014,13:30,SAT,NON-JUNCTION,ON ROADWAY,BLOWING SNOW,ICE/FROST,DAYLIGHT,NON-INJURY ACCIDENT (PROPERTY- DAMAGE-ONLY ACCIDENT),REAR-END,45.64456961,-110.5616791
C000090W,333+0.593,,PARK,August,2016,21:40,FRI,NON-JUNCTION,ROADSIDE LEFT,CLEAR,DRY,DARK-NOT LIGHTED,NON-INJURY ACCIDENT (PROPERTY- DAMAGE-ONLY ACCIDENT),FIXED OBJECT,45.64457984,-110.5605043
C000090W,333+0.605,,PARK,August,2016,12:35,FRI,NON-JUNCTION,SHOULDER,CLEAR,DRY,DAYLIGHT,NON-INJURY ACCIDENT (PROPERTY- DAMAGE-ONLY ACCIDENT),ROLL OVER,45.64458995,-110.5602137
C000090W,333+0.618,NOT IN CITY LIMITS,PARK,APRIL,2017,13:29,MON,NON-JUNCTION,ON ROADWAY,CLOUDY,WET,DAYLIGHT,NON-INJURY ACCIDENT (PROPERTY- DAMAGE-ONLY ACCIDENT),PEDESTRIAN,45.64456927,-110.5599564
C000090W,333+0.649,NOT IN CITY LIMITS,PARK,OCTOBER,2017,20:17,FRI,NON-JUNCTION,OUTSIDE RIGHT-OF-WAY (TRAFFICWAY),CLOUDY,DRY,DARK-NOT LIGHTED,NON-INJURY ACCIDENT (PROPERTY- DAMAGE-ONLY ACCIDENT),FIXED OBJECT,45.64464815,-110.5593022
C000090W,333+0.761,NOT IN CITY LIMITS,PARK,JANUARY,2017,16:35,SUN,NON-JUNCTION,SHOULDER,BLOWING SNOW,ICE/FROST,DARK-NOT LIGHTED,NON-INJURY ACCIDENT (PROPERTY- DAMAGE-ONLY ACCIDENT),FIXED OBJECT,45.64454307,-110.5570308
C000090W,333+0.861,LIVINGSTON,PARK,April,2016,16:05,SAT,NON-JUNCTION,OUTSIDE RIGHT-OF-WAY (TRAFFICWAY),RAIN,WET,DAYLIGHT,NON-INCAPACITATING EVIDENT INJURY ACCIDENT,ROLL OVER,45.64520823,-110.5550811
C000090W,333+0.911,LIVINGSTON,PARK,August,2015,21:55,TUE,NON-JUNCTION,ROADSIDE RIGHT,CLOUDY,DRY,DARK-NOT LIGHTED,NON-INJURY ACCIDENT (PROPERTY- DAMAGE-ONLY ACCIDENT),FIXED OBJECT,45.64503667,-110.5539867
C000090W,333+0.911,NOT IN CITY LIMITS,PARK,NOVEMBER,2017,23:10,WED,NON-JUNCTION,ON ROADWAY,SNOW,ICE/FROST,DARK-NOT LIGHTED,NON-INJURY ACCIDENT (PROPERTY- DAMAGE-ONLY ACCIDENT),"SIDESWIPE, SAME DIRECTION",45.64510236,-110.5540293
C000090W,333+0.930,LIVINGSTON,PARK,January,2014,23:25,TUE,NON-JUNCTION,SHOULDER,SEVERE CROSSWINDS,DRY,DARK-NOT LIGHTED,NON-INCAPACITATING EVIDENT INJURY ACCIDENT,FIXED OBJECT,45.64516058,-110.5535814
C000090W,333+0.948,,PARK,January,2014,10:45,MON,NON-JUNCTION,SHOULDER,BLOWING SNOW,ICE/FROST,DAYLIGHT,NON-INJURY ACCIDENT (PROPERTY- DAMAGE-ONLY ACCIDENT),ROLL OVER,45.64517692,-110.5531967
C000090W,333+0.980,LIVINGSTON,PARK,December,2014,5:15,WED,NON-JUNCTION,ON ROADWAY,SEVERE CROSSWINDS,DRY,DARK-NOT LIGHTED,NON-INJURY ACCIDENT (PROPERTY- DAMAGE-ONLY ACCIDENT),FIXED OBJECT,45.64548827,-110.5527862
C000090W,333+0.980,LIVINGSTON,PARK,December,2016,18:25,THU,NON-JUNCTION,SHOULDER,SEVERE CROSSWINDS,DRY,DARK-NOT LIGHTED,NON-INJURY ACCIDENT (PROPERTY- DAMAGE-ONLY ACCIDENT),FIXED OBJECT,45.64549849,-110.5526837
C000090W,333+0.992,LIVINGSTON,PARK,January,2016,20:55,TUE,NON-JUNCTION,ON ROADWAY,CLOUDY,DRY,DARK-NOT LIGHTED,NON-INCAPACITATING EVIDENT INJURY ACCIDENT,ROLL OVER,45.64555345,-110.5524181
C000090W,333+0.998,NOT IN CITY LIMITS,PARK,NOVEMBER,2017,19:15,WED,NON-JUNCTION,ROADSIDE RIGHT,CLEAR,ICE/FROST,DARK-NOT LIGHTED,NON-INCAPACITATING EVIDENT INJURY ACCIDENT,ROLL OVER,45.64557648,-110.5523453
C000090W,334+0.003,LIVINGSTON,PARK,August,2014,13:33,MON,NON-JUNCTION,ON ROADWAY,CLOUDY,DRY,DAYLIGHT,NON-INJURY ACCIDENT (PROPERTY- DAMAGE-ONLY ACCIDENT),ROLL OVER,45.64562,-110.55217
C000090W,334+0.028,LIVINGSTON,PARK,June,2016,0:50,THU,NON-JUNCTION,ON ROADWAY,CLEAR,DRY,DARK-NOT LIGHTED,NON-INJURY ACCIDENT (PROPERTY- DAMAGE-ONLY ACCIDENT),WILD ANIMAL,45.64585399,-110.5516786
C000090W,334+0.059,LIVINGSTON,PARK,March,2014,17:38,MON,NON-JUNCTION,SHOULDER,SNOW,SLUSH,DAYLIGHT,POSSIBLE INJURY ACCIDENT,ROLL OVER,45.64615859,-110.5512198
C000090W,334+0.090,,PARK,August,2016,1:10,THU,NON-JUNCTION,ON ROADWAY,CLEAR,DRY,DARK-NOT LIGHTED,NON-INJURY ACCIDENT (PROPERTY- DAMAGE-ONLY ACCIDENT),DOMESTIC ANIMAL,45.64639012,-110.5506452
C000090W,334+0.134,,PARK,September,2014,9:45,WED,NON-JUNCTION,ON ROADWAY,CLEAR,DRY,DARK-NOT LIGHTED,NON-INJURY ACCIDENT (PROPERTY- DAMAGE-ONLY ACCIDENT),WILD ANIMAL,45.64677916,-110.549897
C000090W,334+0.146,,PARK,November,2014,17:30,TUE,NON-JUNCTION,ROADSIDE RIGHT,SNOW,SNOW,DARK-NOT LIGHTED,NON-INJURY ACCIDENT (PROPERTY- DAMAGE-ONLY ACCIDENT),FIXED OBJECT,45.64690806,-110.5497906
C000090W,335+0.002,LIVINGSTON,PARK,February,2015,8:04,MON,NON-JUNCTION,ROADSIDE RIGHT,CLOUDY,ICE/FROST,DAYLIGHT,NON-INJURY ACCIDENT (PROPERTY- DAMAGE-ONLY ACCIDENT),FIXED OBJECT,45.65557,-110.53756
C000090W,335+0.021,NOT IN CITY LIMITS,PARK,FEBRUARY,2017,17:00,TUE,NON-JUNCTION,ROADSIDE RIGHT,BLOWING SNOW,ICE/FROST,DAYLIGHT,NON-INJURY ACCIDENT (PROPERTY- DAMAGE-ONLY ACCIDENT),FIXED OBJECT,45.65586472,-110.5372849
C000090W,335+0.916,NOT IN CITY LIMITS,PARK,NOVEMBER,2017,11:05,TUE,NON-JUNCTION,ON ROADWAY,CLEAR,DRY,DAYLIGHT,NON-INJURY ACCIDENT (PROPERTY- DAMAGE-ONLY ACCIDENT),REAR-END,45.6660136,-110.5260261
C000090W,336+0.379,LIVINGSTON,PARK,January,2015,15:25,TUE,NON-JUNCTION,ON ROADWAY,CLEAR,DRY,DAYLIGHT,NON-INCAPACITATING EVIDENT INJURY ACCIDENT,REAR-END,45.67133728,-110.5201552
C000090W,336+0.391,,PARK,December,2015,7:20,FRI,NON-JUNCTION,ON ROADWAY,BLOWING SNOW,ICE/FROST,DAYLIGHT,NON-INJURY ACCIDENT (PROPERTY- DAMAGE-ONLY ACCIDENT),REAR-END,45.67147301,-110.5199725
C000090W,336+0.832,LIVINGSTON,PARK,July,2016,0:40,SAT,NON-JUNCTION,ON ROADWAY,CLOUDY,DRY,DARK-NOT LIGHTED,NON-INJURY ACCIDENT (PROPERTY- DAMAGE-ONLY ACCIDENT),WILD ANIMAL,45.67677498,-110.5147999
C000090W,336+0.845,,PARK,November,2015,10:15,WED,NON-JUNCTION,MEDIAN,BLOWING SNOW,ICE/FROST,DAYLIGHT,NON-INJURY ACCIDENT (PROPERTY- DAMAGE-ONLY ACCIDENT),FIXED OBJECT,45.67666447,-110.5142123
C000090W,336+0.926,NOT IN CITY LIMITS,PARK,AUGUST,2017,19:39,WED,NON-JUNCTION,ON ROADWAY,"FOG, SMOG, SMOKE",DRY,DAYLIGHT,NON-INCAPACITATING EVIDENT INJURY ACCIDENT,U TURN,45.67763395,-110.5131504
C000090W,336+0.988,,PARK,November,2016,19:25,TUE,NON-JUNCTION,ON ROADWAY,CLOUDY,WET,DARK-NOT LIGHTED,NON-INJURY ACCIDENT (PROPERTY- DAMAGE-ONLY ACCIDENT),WILD ANIMAL,45.67836,-110.51241
C000090W,336+0.988,,PARK,December,2016,21:00,THU,NON-JUNCTION,ROADSIDE RIGHT,CLOUDY,DRY,DARK-NOT LIGHTED,NON-INJURY ACCIDENT (PROPERTY- DAMAGE-ONLY ACCIDENT),FIXED OBJECT,45.67836,-110.51241
C000090W,337+0.009,,PARK,January,2014,15:02,SAT,NON-JUNCTION,ON ROADWAY,BLOWING SNOW,ICE/FROST,DAYLIGHT,NON-INCAPACITATING EVIDENT INJURY ACCIDENT,REAR-END,45.67842345,-110.5122558
C000090W,337+0.022,,PARK,November,2015,19:08,WED,NON-JUNCTION,ON ROADWAY,CLEAR,DRY,DARK-NOT LIGHTED,NON-INJURY ACCIDENT (PROPERTY- DAMAGE-ONLY ACCIDENT),WILD ANIMAL,45.67861653,-110.5121921
C000090W,337+0.128,,PARK,October,2015,6:05,FRI,NON-JUNCTION,ON ROADWAY,CLOUDY,WET,DAWN,NON-INJURY ACCIDENT (PROPERTY- DAMAGE-ONLY ACCIDENT),WILD ANIMAL,45.6798441,-110.5107805
C000090W,337+0.737,NOT IN CITY LIMITS,PARK,JANUARY,2017,9:50,TUE,NON-JUNCTION,SHOULDER,CLOUDY,ICE/FROST,DAYLIGHT,NON-INJURY ACCIDENT (PROPERTY- DAMAGE-ONLY ACCIDENT),FIXED OBJECT,45.68680066,-110.5030009
C000090W,338+0.000,,PARK,August,2016,19:20,FRI,NON-JUNCTION,ON ROADWAY,CLEAR,DRY,DAYLIGHT,NON-INJURY ACCIDENT (PROPERTY- DAMAGE-ONLY ACCIDENT),WILD ANIMAL,45.68921,-110.49859
C000090W,338+0.567,,PARK,February,2014,1:10,THU,NON-JUNCTION,ROADSIDE RIGHT,SNOW,WET,DARK-NOT LIGHTED,INCAPACITATING INJURY ACCIDENT,FIXED OBJECT,45.693555,-110.4886517
C000090W,338+0.710,,PARK,December,2016,2:53,TUE,NON-JUNCTION,ON ROADWAY,CLOUDY,DRY,DARK-NOT LIGHTED,NON-INJURY ACCIDENT (PROPERTY- DAMAGE-ONLY ACCIDENT),WILD ANIMAL,45.69449482,-110.4860279
C000090W,338+0.790,,PARK,March,2016,19:04,THU,NON-JUNCTION,ON ROADWAY,SEVERE CROSSWINDS,DRY,DARK-NOT LIGHTED,POSSIBLE INJURY ACCIDENT,REAR-END,45.69512733,-110.4846947
C000090W,338+0.852,NOT IN CITY LIMITS,PARK,DECEMBER,2017,10:55,FRI,NON-JUNCTION,ROADSIDE RIGHT,SNOW,ICE/FROST,DAYLIGHT,NON-INJURY ACCIDENT (PROPERTY- DAMAGE-ONLY ACCIDENT),FIXED OBJECT,45.69557151,-110.4835795
C000090W,338+1.002,,PARK,February,2015,9:50,MON,NON-JUNCTION,SHOULDER,CLEAR,SNOW,DAYLIGHT,NON-INJURY ACCIDENT (PROPERTY- DAMAGE-ONLY ACCIDENT),FIXED OBJECT,45.69663,-110.48081
C000090W,339+0.005,,PARK,December,2016,18:55,THU,NON-JUNCTION,MEDIAN,BLOWING SNOW,ICE/FROST,DARK-NOT LIGHTED,NON-INJURY ACCIDENT (PROPERTY- DAMAGE-ONLY ACCIDENT),FIXED OBJECT,45.69661905,-110.4806935
C000090W,339+0.011,,PARK,April,2015,8:13,MON,NON-JUNCTION,SHOULDER,CLOUDY,ICE/FROST,DAYLIGHT,POSSIBLE INJURY ACCIDENT,ROLL OVER,45.69674888,-110.4806448
C000090W,339+0.228,,PARK,September,2015,21:20,THU,NON-JUNCTION,ON ROADWAY,CLOUDY,DRY,DARK-LIGHTED,NON-INJURY ACCIDENT (PROPERTY- DAMAGE-ONLY ACCIDENT),WILD ANIMAL,45.69827779,-110.476738
C000090W,339+0.315,,PARK,March,2014,0:00,MON,NON-JUNCTION,MEDIAN,SNOW,ICE/FROST,DAYLIGHT,NON-INJURY ACCIDENT (PROPERTY- DAMAGE-ONLY ACCIDENT),FIXED OBJECT,45.69877486,-110.4750932
C000090W,339+0.359,,PARK,November,2015,12:15,FRI,NON-JUNCTION,ON ROADWAY,CLOUDY,ICE/FROST,DAYLIGHT,INCAPACITATING INJURY ACCIDENT,HEAD ON,45.69920104,-110.4743574
C000090W,339+0.521,,PARK,January,2016,6:00,FRI,NON-JUNCTION,MEDIAN,CLOUDY,WET,DARK-NOT LIGHTED,NON-INJURY ACCIDENT (PROPERTY- DAMAGE-ONLY ACCIDENT),FIXED OBJECT,45.70033466,-110.4714727
C000090W,339+0.713,,PARK,August,2015,21:30,FRI,NON-JUNCTION,ON ROADWAY,CLOUDY,DRY,DARK-NOT LIGHTED,NON-INJURY ACCIDENT (PROPERTY- DAMAGE-ONLY ACCIDENT),WILD ANIMAL,45.70176319,-110.4680376
C000090W,339+0.782,NOT IN CITY LIMITS,PARK,DECEMBER,2017,9:19,WED,NON-JUNCTION,ROADSIDE RIGHT,CLOUDY,ICE/FROST,DAYLIGHT,FATAL ACCIDENT,ROLL OVER,45.7022381,-110.4668441
C000090W,339+0.882,,PARK,February,2015,10:33,MON,NON-JUNCTION,SHOULDER,CLEAR,SNOW,DAYLIGHT,NON-INJURY ACCIDENT (PROPERTY- DAMAGE-ONLY ACCIDENT),ROLL OVER,45.70294722,-110.4649567
C000090W,339+0.992,,PARK,November,2016,23:15,TUE,NON-JUNCTION,ON ROADWAY,CLEAR,DRY,DARK-LIGHTED,NON-INJURY ACCIDENT (PROPERTY- DAMAGE-ONLY ACCIDENT),WILD ANIMAL,45.70383168,-110.463099
C000090W,340+0.133,,PARK,October,2016,9:00,MON,NON-JUNCTION,ON ROADWAY,RAIN,WET,DAYLIGHT,NON-INJURY ACCIDENT (PROPERTY- DAMAGE-ONLY ACCIDENT),WILD ANIMAL,45.70462261,-110.4605031
C000090W,340+0.207,NOT IN CITY LIMITS,PARK,DECEMBER,2017,7:30,SAT,NON-JUNCTION,ROADSIDE RIGHT,SNOW,SLUSH,DAWN,NON-INCAPACITATING EVIDENT INJURY ACCIDENT,ROLL OVER,45.70529151,-110.4591675
C000090W,340+0.344,,PARK,September,2016,17:15,FRI,NON-JUNCTION,ON ROADWAY,CLOUDY,DRY,DAYLIGHT,NON-INJURY ACCIDENT (PROPERTY- DAMAGE-ONLY ACCIDENT),"SIDESWIPE, SAME DIRECTION",45.70613975,-110.4566729
C000090W,340+0.463,NOT IN CITY LIMITS,PARK,JULY,2017,17:26,SUN,NON-JUNCTION,MEDIAN,CLOUDY,DRY,DAYLIGHT,NON-INJURY ACCIDENT (PROPERTY- DAMAGE-ONLY ACCIDENT),FIXED OBJECT,45.70692972,-110.4545316
C000090W,340+0.649,NOT IN CITY LIMITS,PARK,NOVEMBER,2017,14:28,MON,NON-JUNCTION,ON ROADWAY,RAIN,WET,DAYLIGHT,NON-INJURY ACCIDENT (PROPERTY- DAMAGE-ONLY ACCIDENT),"SIDESWIPE, SAME DIRECTION",45.70838325,-110.4512586
C000090W,340+0.679,,PARK,November,2015,22:50,THU,NON-JUNCTION,ON ROADWAY,SNOW,SNOW,DARK-NOT LIGHTED,NON-INJURY ACCIDENT (PROPERTY- DAMAGE-ONLY ACCIDENT),WILD ANIMAL,45.70864647,-110.4506774
C000090W,340+0.922,,PARK,July,2014,13:25,WED,NON-JUNCTION,ON ROADWAY,CLEAR,DRY,DAYLIGHT,NON-INJURY ACCIDENT (PROPERTY- DAMAGE-ONLY ACCIDENT),FIRE/ EXPLOSION,45.71033625,-110.4463501
C000090W,341+0.331,,PARK,February,2015,20:55,FRI,NON-JUNCTION,SHOULDER,CLOUDY,WET,DARK-NOT LIGHTED,INCAPACITATING INJURY ACCIDENT,ROLL OVER,45.71270074,-110.4383668
C000090W,341+0.644,NOT IN CITY LIMITS,PARK,JULY,2017,23:27,SUN,NON-JUNCTION,ROADSIDE RIGHT,CLEAR,DRY,DARK-NOT LIGHTED,NON-INJURY ACCIDENT (PROPERTY- DAMAGE-ONLY ACCIDENT),FIXED OBJECT,45.71308899,-110.4318924
C000090W,341+0.724,,PARK,October,2014,22:23,TUE,NON-JUNCTION,ON ROADWAY,CLEAR,DRY,DARK-NOT LIGHTED,NON-INJURY ACCIDENT (PROPERTY- DAMAGE-ONLY ACCIDENT),WILD ANIMAL,45.71299,-110.430165
C000090W,342+0.262,,PARK,December,2016,17:00,SAT,NON-JUNCTION,ROADSIDE RIGHT,CLOUDY,ICE/FROST,DAYLIGHT,NON-INJURY ACCIDENT (PROPERTY- DAMAGE-ONLY ACCIDENT),FIXED OBJECT,45.71364672,-110.4192081
C000090W,342+0.665,,PARK,December,2015,10:42,FRI,NON-JUNCTION,ROADSIDE RIGHT,SEVERE CROSSWINDS,ICE/FROST,DAYLIGHT,NON-INJURY ACCIDENT (PROPERTY- DAMAGE-ONLY ACCIDENT),FIXED OBJECT,45.71362,-110.4107
C000090W,342+0.914,,PARK,October,2016,6:49,TUE,NON-JUNCTION,ON ROADWAY,SNOW,SNOW,DAYLIGHT,NON-INJURY ACCIDENT (PROPERTY- DAMAGE-ONLY ACCIDENT),NOT FIXED OBJECT OR DEBRIS,45.7136,-110.4058
C000090W,343+0.166,,PARK,April,2015,17:36,SUN,NON-JUNCTION,SHOULDER,BLOWING SNOW,SNOW,DAYLIGHT,NON-INCAPACITATING EVIDENT INJURY ACCIDENT,FIXED OBJECT,45.71354,-110.4004
C000090W,343+0.166,,PARK,November,2016,20:04,SUN,NON-JUNCTION,ON ROADWAY,CLEAR,DRY,DARK-NOT LIGHTED,NON-INJURY ACCIDENT (PROPERTY- DAMAGE-ONLY ACCIDENT),WILD ANIMAL,45.71356309,-110.4003524
C000090W,343+0.283,NOT IN CITY LIMITS,PARK,FEBRUARY,2017,20:08,FRI,NON-JUNCTION,ON ROADWAY,CLOUDY,SNOW,DARK-NOT LIGHTED,NON-INCAPACITATING EVIDENT INJURY ACCIDENT,REAR-END,45.71091172,-110.3907313
C000090W,343+0.701,,PARK,November,2016,16:45,WED,NON-JUNCTION,ROADSIDE RIGHT,CLEAR,DRY,DARK-NOT LIGHTED,NON-INCAPACITATING EVIDENT INJURY ACCIDENT,ROLL OVER,45.71069503,-110.3901495
C000090W,344+0.109,,PARK,August,2015,12:40,MON,NON-JUNCTION,SHOULDER,CLEAR,DRY,DAYLIGHT,NON-INCAPACITATING EVIDENT INJURY ACCIDENT,FIXED OBJECT,45.70785333,-110.3831917
C000090W,344+0.184,,PARK,April,2015,19:50,SUN,NON-JUNCTION,ON ROADWAY,SNOW,SNOW,DARK-NOT LIGHTED,NON-INCAPACITATING EVIDENT INJURY ACCIDENT,REAR-END,45.70759172,-110.3818129
C000090W,344+0.639,,PARK,December,2015,0:00,WED,NON-JUNCTION,ROADSIDE RIGHT,CLOUDY,ICE/FROST,DAYLIGHT,NON-INCAPACITATING EVIDENT INJURY ACCIDENT,ROLL OVER,45.70685527,-110.3724492
C000090W,344+0.993,,PARK,July,2014,0:20,TUE,NON-JUNCTION,SHOULDER,CLOUDY,DRY,DARK-NOT LIGHTED,NON-INCAPACITATING EVIDENT INJURY ACCIDENT,ROLL OVER,45.70631904,-110.3651084
C000090W,345+0.413,NOT IN CITY LIMITS,PARK,JANUARY,2017,14:40,FRI,NON-JUNCTION,ON ROADWAY,CLEAR,DRY,DAYLIGHT,NON-INJURY ACCIDENT (PROPERTY- DAMAGE-ONLY ACCIDENT),NOT FIXED OBJECT OR DEBRIS,45.70568756,-110.3563898
C000090W,345+0.562,,PARK,July,2015,22:20,THU,NON-JUNCTION,ON ROADWAY,RAIN,WET,DARK-NOT LIGHTED,NON-INJURY ACCIDENT (PROPERTY- DAMAGE-ONLY ACCIDENT),"SIDESWIPE, SAME DIRECTION",45.70551437,-110.3532663
C000090W,345+0.873,,PARK,November,2014,14:35,WED,NON-JUNCTION,ROADSIDE LEFT,CLOUDY,SLUSH,DAYLIGHT,NON-INJURY ACCIDENT (PROPERTY- DAMAGE-ONLY ACCIDENT),FIXED OBJECT,45.70494712,-110.346937
C000090W,346+0.000,,PARK,July,2015,8:01,WED,NON-JUNCTION,ON ROADWAY,CLOUDY,DRY,DAYLIGHT,NON-INJURY ACCIDENT (PROPERTY- DAMAGE-ONLY ACCIDENT),"SIDESWIPE, SAME DIRECTION",45.70481,-110.34423