MDT_CORRIDOR_ID,SMS_REFPOST_OFFSET,CITY,COUNTY,Month,Year,SMS_TIME,SMT_CRASH_OCC_DAY_OF_WEEK,JUNCTION_RELATED,ROADWAY_RELATED,WEATHER_COND,ROAD_COND,LIGHT_COND,CRASH_SEVERITY,COLLISION_TYPE,LATITUDE,LONGITUDE
C000090W,346+0.274,,PARK,August,2015,7:15,THU,NON-JUNCTION,ON ROADWAY,CLOUDY,DRY,DAWN,NON-INJURY ACCIDENT (PROPERTY- DAMAGE-ONLY ACCIDENT),WILD ANIMAL,45.7041206,-110.3386642
C000090W,346+1.001,NOT IN CITY LIMITS,PARK,JULY,2017,23:20,THU,NON-JUNCTION,ON ROADWAY,CLEAR,DRY,DARK-NOT LIGHTED,NON-INJURY ACCIDENT (PROPERTY- DAMAGE-ONLY ACCIDENT),WILD ANIMAL,45.70033,-110.32463
C000090W,346+1.001,NOT IN CITY LIMITS,PARK,NOVEMBER,2017,11:38,FRI,NON-JUNCTION,ROADSIDE RIGHT,CLOUDY,SLUSH,DAYLIGHT,NON-INJURY ACCIDENT (PROPERTY- DAMAGE-ONLY ACCIDENT),ROLL OVER,45.70033,-110.32463
C000090W,347+0.029,NOT IN CITY LIMITS,PARK,NOVEMBER,2017,12:29,FRI,NON-JUNCTION,ON ROADWAY,CLOUDY,SLUSH,DAYLIGHT,NON-INJURY ACCIDENT (PROPERTY- DAMAGE-ONLY ACCIDENT),ROLL OVER,45.70020378,-110.3241245
C000090W,347+0.483,,PARK,December,2015,18:20,WED,NON-JUNCTION,SHOULDER,CLOUDY,ICE/FROST,DARK-NOT LIGHTED,NON-INJURY ACCIDENT (PROPERTY- DAMAGE-ONLY ACCIDENT),FIXED OBJECT,45.69760274,-110.3154357
C000090W,347+0.708,NOT IN CITY LIMITS,PARK,DECEMBER,2017,15:40,FRI,NON-JUNCTION,ROADSIDE RIGHT,SNOW,SNOW,DAYLIGHT,NON-INJURY ACCIDENT (PROPERTY- DAMAGE-ONLY ACCIDENT),JACKKNIFE,45.69637094,-110.3111794
C000090W,347+0.732,,PARK,November,2016,21:10,SAT,NON-JUNCTION,ON ROADWAY,CLEAR,DRY,DARK-NOT LIGHTED,NON-INJURY ACCIDENT (PROPERTY- DAMAGE-ONLY ACCIDENT),WILD ANIMAL,45.69628975,-110.3106788
C000090W,347+0.739,,PARK,November,2015,22:00,SUN,NON-JUNCTION,ON ROADWAY,CLEAR,DRY,DARK-NOT LIGHTED,NON-INJURY ACCIDENT (PROPERTY- DAMAGE-ONLY ACCIDENT),WILD ANIMAL,45.69621556,-110.3106057
C000090W,347+0.750,,PARK,December,2016,13:35,SUN,NON-JUNCTION,ON ROADWAY,CLOUDY,ICE/FROST,DAYLIGHT,NON-INJURY ACCIDENT (PROPERTY- DAMAGE-ONLY ACCIDENT),REAR-END,45.69614842,-110.3103844
C000090W,347+0.918,,PARK,December,2015,17:53,SUN,NON-JUNCTION,SHOULDER,CLOUDY,ICE/FROST,DARK-NOT LIGHTED,NON-INJURY ACCIDENT (PROPERTY- DAMAGE-ONLY ACCIDENT),FIXED OBJECT,45.69547595,-110.3069757
C000090W,348+0.418,LIVINGSTON,PARK,September,2015,20:44,WED,NON-JUNCTION,MEDIAN,CLEAR,DRY,DARK-NOT LIGHTED,NON-INCAPACITATING EVIDENT INJURY ACCIDENT,ROLL OVER,45.69472789,-110.2976529
C000090W,348+0.431,NOT IN CITY LIMITS,PARK,AUGUST,2017,5:30,TUE,NON-JUNCTION,ON ROADWAY,CLEAR,DRY,DAWN,NON-INCAPACITATING EVIDENT INJURY ACCIDENT,WILD ANIMAL,45.69478162,-110.297315
C000090W,348+0.461,NOT IN CITY LIMITS,PARK,AUGUST,2017,8:35,FRI,NON-JUNCTION,ON ROADWAY,CLEAR,DRY,DAYLIGHT,NON-INJURY ACCIDENT (PROPERTY- DAMAGE-ONLY ACCIDENT),WILD ANIMAL,45.6946887,-110.2967181
C000090W,348+0.530,,PARK,September,2016,14:45,FRI,NON-JUNCTION,ON ROADWAY,CLOUDY,DRY,DAYLIGHT,NON-INJURY ACCIDENT (PROPERTY- DAMAGE-ONLY ACCIDENT),LOST CONTROL,45.69463485,-110.2953353
C000090W,348+0.605,NOT IN CITY LIMITS,PARK,NOVEMBER,2017,12:25,FRI,NON-JUNCTION,ROADSIDE RIGHT,CLOUDY,SLUSH,DAYLIGHT,NON-INJURY ACCIDENT (PROPERTY- DAMAGE-ONLY ACCIDENT),FIXED OBJECT,45.69443682,-110.2938263
C000090W,349+0.125,,PARK,October,2016,20:06,WED,NON-JUNCTION,ON ROADWAY,CLEAR,DRY,DARK-NOT LIGHTED,NON-INJURY ACCIDENT (PROPERTY- DAMAGE-ONLY ACCIDENT),WILD ANIMAL,45.69385281,-110.2822169
C000090W,349+0.272,,PARK,June,2014,23:05,SAT,NON-JUNCTION,ON ROADWAY,CLOUDY,DRY,DARK-NOT LIGHTED,NON-INJURY ACCIDENT (PROPERTY- DAMAGE-ONLY ACCIDENT),WILD ANIMAL,45.69358012,-110.279221
C000090W,349+0.279,,PARK,June,2014,23:05,SAT,NON-JUNCTION,ON ROADWAY,CLOUDY,DRY,DARK-NOT LIGHTED,NON-INJURY ACCIDENT (PROPERTY- DAMAGE-ONLY ACCIDENT),WILD ANIMAL,45.69353802,-110.2791302
C000090W,349+0.547,,PARK,January,2015,16:50,MON,NON-JUNCTION,MEDIAN,CLOUDY,SLUSH,DUSK,NON-INJURY ACCIDENT (PROPERTY- DAMAGE-ONLY ACCIDENT),FIXED OBJECT,45.69332114,-110.2735275
C000090W,349+0.547,,PARK,December,2016,11:42,SAT,NON-JUNCTION,ON ROADWAY,CLOUDY,ICE/FROST,DAYLIGHT,NON-INJURY ACCIDENT (PROPERTY- DAMAGE-ONLY ACCIDENT),FIXED OBJECT,45.69326396,-110.2735338
C000090W,349+0.597,,PARK,December,2015,9:40,MON,NON-JUNCTION,ROADSIDE LEFT,CLOUDY,ICE/FROST,DAYLIGHT,NON-INCAPACITATING EVIDENT INJURY ACCIDENT,FIXED OBJECT,45.6932066,-110.2725123
C000090W,349+0.634,,PARK,December,2015,15:12,MON,NON-JUNCTION,SHOULDER,BLOWING SNOW,ICE/FROST,DAYLIGHT,NON-INJURY ACCIDENT (PROPERTY- DAMAGE-ONLY ACCIDENT),FIXED OBJECT,45.69328223,-110.271815
C000090W,349+0.888,,PARK,November,2014,15:40,SAT,NON-JUNCTION,SHOULDER,BLOWING SNOW,ICE/FROST,DAYLIGHT,INCAPACITATING INJURY ACCIDENT,FIXED OBJECT,45.69429333,-110.266795
C000090W,349+0.968,,PARK,May,2014,9:00,FRI,NON-JUNCTION,ON ROADWAY,CLOUDY,DRY,DAYLIGHT,NON-INJURY ACCIDENT (PROPERTY- DAMAGE-ONLY ACCIDENT),WILD ANIMAL,45.6950346,-110.2655438
C000090W,350+0.041,NOT IN CITY LIMITS,PARK,MARCH,2017,15:48,FRI,NON-JUNCTION,SHOULDER,CLEAR,DRY,DAYLIGHT,NON-INJURY ACCIDENT (PROPERTY- DAMAGE-ONLY ACCIDENT),FIXED OBJECT,45.69542563,-110.2649197
C000090W,350+0.359,,PARK,July,2016,21:45,WED,NON-JUNCTION,ON ROADWAY,CLEAR,DRY,DARK-LIGHTED,NON-INJURY ACCIDENT (PROPERTY- DAMAGE-ONLY ACCIDENT),WILD ANIMAL,45.69945333,-110.2617714
C000090W,350+0.794,,PARK,February,2015,0:00,TUE,NON-JUNCTION,ROADSIDE LEFT,CLOUDY,DRY,DAYLIGHT,NON-INJURY ACCIDENT (PROPERTY- DAMAGE-ONLY ACCIDENT),FIXED OBJECT,45.70554191,-110.260629
C000090W,351+0.004,,PARK,July,2014,17:38,WED,NON-JUNCTION,ON ROADWAY,CLEAR,DRY,DAYLIGHT,FATAL ACCIDENT,FIRE/ EXPLOSION,45.70804,-110.26194
C000090W,351+0.004,,PARK,January,2015,8:15,SUN,NON-JUNCTION,SHOULDER,SNOW,ICE/FROST,DAYLIGHT,NON-INJURY ACCIDENT (PROPERTY- DAMAGE-ONLY ACCIDENT),FIXED OBJECT,45.70804,-110.26194
C000090W,351+0.072,NOT IN CITY LIMITS,PARK,FEBRUARY,2017,17:40,TUE,NON-JUNCTION,ON ROADWAY,BLOWING SNOW,SNOW,DARK-NOT LIGHTED,POSSIBLE INJURY ACCIDENT,REAR-END,45.70892827,-110.2625654
C000090W,351+0.085,NOT IN CITY LIMITS,PARK,DECEMBER,2017,12:19,SAT,NON-JUNCTION,ON ROADWAY,BLOWING SNOW,SNOW,DAYLIGHT,NON-INJURY ACCIDENT (PROPERTY- DAMAGE-ONLY ACCIDENT),REAR-END,45.70911118,-110.2628082
C000090W,351+0.115,,PARK,March,2016,10:15,FRI,NON-JUNCTION,SHOULDER,CLEAR,DRY,DAYLIGHT,NON-INJURY ACCIDENT (PROPERTY- DAMAGE-ONLY ACCIDENT),FIRE/ EXPLOSION,45.70949439,-110.2630652
C000090W,351+0.372,,PARK,January,2015,9:45,SUN,NON-JUNCTION,ON ROADWAY,SNOW,ICE/FROST,DAYLIGHT,NON-INJURY ACCIDENT (PROPERTY- DAMAGE-ONLY ACCIDENT),RIGHT ANGLE,45.7131754,-110.263473
C000090W,351+0.917,NOT IN CITY LIMITS,PARK,NOVEMBER,2017,18:13,SUN,NON-JUNCTION,ON ROADWAY,CLOUDY,WET,DARK-NOT LIGHTED,NON-INJURY ACCIDENT (PROPERTY- DAMAGE-ONLY ACCIDENT),WILD ANIMAL,45.71896164,-110.2564934
C000090W,351+0.987,NOT IN CITY LIMITS,PARK,OCTOBER,2017,17:50,FRI,NON-JUNCTION,SHOULDER,CLOUDY,DRY,DAYLIGHT,NON-INJURY ACCIDENT (PROPERTY- DAMAGE-ONLY ACCIDENT),FIXED OBJECT,45.71946525,-110.255249
C000090W,352+0.002,,PARK,January,2015,8:15,SUN,NON-JUNCTION,ON ROADWAY,SNOW,ICE/FROST,DAYLIGHT,NON-INJURY ACCIDENT (PROPERTY- DAMAGE-ONLY ACCIDENT),RIGHT ANGLE,45.71982912,-110.254167
C000090W,352+0.158,,PARK,February,2015,20:45,TUE,NON-JUNCTION,MEDIAN,SLEET/HAIL/FREEZING RAIN/DRIZZLE,SLUSH,DARK-NOT LIGHTED,POSSIBLE INJURY ACCIDENT,ROLL OVER,45.72110222,-110.2515806
C000090W,352+0.278,NOT IN CITY LIMITS,PARK,NOVEMBER,2017,23:35,FRI,NON-JUNCTION,ON ROADWAY,SNOW,SNOW,DARK-NOT LIGHTED,NON-INJURY ACCIDENT (PROPERTY- DAMAGE-ONLY ACCIDENT),REAR-END,45.72201405,-110.249534
C000090W,352+0.462,,PARK,November,2016,19:40,THU,NON-JUNCTION,ON ROADWAY,CLEAR,DRY,DARK-NOT LIGHTED,NON-INJURY ACCIDENT (PROPERTY- DAMAGE-ONLY ACCIDENT),WILD ANIMAL,45.72352194,-110.2463653
C000090W,353+0.028,,PARK,April,2015,19:35,SUN,NON-JUNCTION,SHOULDER,SNOW,SLUSH,DARK-NOT LIGHTED,NON-INJURY ACCIDENT (PROPERTY- DAMAGE-ONLY ACCIDENT),FIXED OBJECT,45.72876189,-110.2374022
C000090W,353+0.041,NOT IN CITY LIMITS,PARK,DECEMBER,2017,14:29,TUE,NON-JUNCTION,ON ROADWAY,CLOUDY,ICE/FROST,DAYLIGHT,NON-INCAPACITATING EVIDENT INJURY ACCIDENT,REAR-END,45.72898175,-110.237285
C000090W,353+0.053,,PARK,September,2015,13:04,THU,NON-JUNCTION,ROADSIDE LEFT,CLOUDY,DRY,DAYLIGHT,POSSIBLE INJURY ACCIDENT,FIXED OBJECT,45.72903275,-110.2370992
C000090W,353+0.160,NOT IN CITY LIMITS,PARK,DECEMBER,2017,13:42,TUE,NON-JUNCTION,ON ROADWAY,CLOUDY,ICE/FROST,DAYLIGHT,NON-INJURY ACCIDENT (PROPERTY- DAMAGE-ONLY ACCIDENT),FIXED OBJECT,45.73027943,-110.235664
C000090W,353+0.253,,PARK,December,2016,22:40,THU,NON-JUNCTION,ROADSIDE RIGHT,BLOWING SNOW,ICE/FROST,DARK-NOT LIGHTED,NON-INJURY ACCIDENT (PROPERTY- DAMAGE-ONLY ACCIDENT),FIXED OBJECT,45.73136703,-110.2345045
C000090W,353+0.266,,PARK,October,2015,10:25,SAT,NON-JUNCTION,ON ROADWAY,RAIN,WET,DAYLIGHT,NON-INJURY ACCIDENT (PROPERTY- DAMAGE-ONLY ACCIDENT),"SIDESWIPE, SAME DIRECTION",45.73142909,-110.2343696
C000090W,353+0.384,NOT IN CITY LIMITS,PARK,FEBRUARY,2017,3:10,THU,NON-JUNCTION,SHOULDER,BLOWING SNOW,ICE/FROST,DARK-NOT LIGHTED,NON-INJURY ACCIDENT (PROPERTY- DAMAGE-ONLY ACCIDENT),FIXED OBJECT,45.73275754,-110.2327918
C000090W,353+0.414,,PARK,February,2015,16:50,SAT,NON-JUNCTION,MEDIAN,SNOW,ICE/FROST,DAYLIGHT,NON-INJURY ACCIDENT (PROPERTY- DAMAGE-ONLY ACCIDENT),FIXED OBJECT,45.73286684,-110.231979
C000090W,353+0.632,NOT IN CITY LIMITS,PARK,JULY,2017,21:30,TUE,NON-JUNCTION,ON ROADWAY,CLEAR,DRY,DARK-NOT LIGHTED,NON-INJURY ACCIDENT (PROPERTY- DAMAGE-ONLY ACCIDENT),WILD ANIMAL,45.73452875,-110.2281814
C000090W,353+0.639,,PARK,June,2016,23:15,TUE,NON-JUNCTION,ON ROADWAY,CLOUDY,DRY,DARK-NOT LIGHTED,NON-INJURY ACCIDENT (PROPERTY- DAMAGE-ONLY ACCIDENT),WILD ANIMAL,45.73442149,-110.2280537
C000090W,353+0.708,,PARK,December,2014,17:48,SAT,NON-JUNCTION,ON ROADWAY,CLEAR,DRY,DARK-NOT LIGHTED,NON-INJURY ACCIDENT (PROPERTY- DAMAGE-ONLY ACCIDENT),WILD ANIMAL,45.73482692,-110.2266695
C000090W,353+0.869,,PARK,February,2014,22:20,THU,NON-JUNCTION,MEDIAN,SEVERE CROSSWINDS,ICE/FROST,DARK-NOT LIGHTED,NON-INJURY ACCIDENT (PROPERTY- DAMAGE-ONLY ACCIDENT),ROLL OVER,45.73551508,-110.2235514
C000090W,353+0.963,,PARK,February,2014,12:24,FRI,NON-JUNCTION,ON ROADWAY,BLOWING SNOW,SNOW,DAYLIGHT,POSSIBLE INJURY ACCIDENT,REAR-END,45.7359165,-110.2215866
C000090W,353+0.993,,PARK,June,2014,21:15,MON,NON-JUNCTION,ON ROADWAY,CLOUDY,DRY,DARK-NOT LIGHTED,NON-INJURY ACCIDENT (PROPERTY- DAMAGE-ONLY ACCIDENT),WILD ANIMAL,45.73596,-110.22098
C000295E,000+0.450,,PARK,February,2013,22:15,WED,NON-JUNCTION,ON ROADWAY,CLOUDY,DRY,DAYLIGHT,NON-INJURY ACCIDENT (PROPERTY- DAMAGE-ONLY ACCIDENT),FIXED OBJECT,45.677015,-110.513015
C000295E,002+0.730,,PARK,February,2013,13:45,THU,NON-JUNCTION,OFF ROADWAY LOCATION UNKNOWN,CLOUDY,SNOW,DAYLIGHT,NON-INCAPACITATING EVIDENT INJURY ACCIDENT,FIXED OBJECT,45.65793288,-110.4759397
C000295E,002+0.820,,PARK,July,2013,22:00,TUE,NON-JUNCTION,ON ROADWAY,CLOUDY,MUD DIRT GRAVEL,DARK-NOT LIGHTED,NON-INJURY ACCIDENT (PROPERTY- DAMAGE-ONLY ACCIDENT),WILD ANIMAL,45.65756547,-110.4741855
C000295E,004+0.001,NOT IN CITY LIMITS,PARK,NOVEMBER,2017,16:40,WED,NON-JUNCTION,ROADSIDE RIGHT,CLOUDY,DRY,DAYLIGHT,NON-INCAPACITATING EVIDENT INJURY ACCIDENT,ROLL OVER,45.65299,-110.45101
C000295E,005+0.223,,PARK,February,2015,16:25,THU,NON-JUNCTION,ROADSIDE LEFT,CLOUDY,DRY,DAYLIGHT,NON-INCAPACITATING EVIDENT INJURY ACCIDENT,ROLL OVER,45.64152106,-110.4327483
C000295E,006+0.573,NOT IN CITY LIMITS,PARK,NOVEMBER,2017,6:40,WED,NON-JUNCTION,ROADSIDE RIGHT,BLOWING SNOW,ICE/FROST,DAWN,NON-INJURY ACCIDENT (PROPERTY- DAMAGE-ONLY ACCIDENT),FIXED OBJECT,45.63850782,-110.407549
C000295E,008+0.030,,PARK,August,2013,21:15,THU,NON-JUNCTION,ON ROADWAY,CLEAR,DRY,DARK-NOT LIGHTED,NON-INJURY ACCIDENT (PROPERTY- DAMAGE-ONLY ACCIDENT),WILD ANIMAL,45.63221218,-110.3865749
C000295E,010+0.208,,PARK,December,2015,3:45,MON,NON-JUNCTION,ROADSIDE LEFT,CLOUDY,DRY,DARK-NOT LIGHTED,FATAL ACCIDENT,ROLL OVER,45.63741788,-110.376597
C000295E,011+0.507,NOT IN CITY LIMITS,PARK,DECEMBER,2017,9:30,WED,NON-JUNCTION,ON ROADWAY,CLEAR,ICE/FROST,DAYLIGHT,NON-INJURY ACCIDENT (PROPERTY- DAMAGE-ONLY ACCIDENT),HEAD ON,45.65200768,-110.382604
C000298S,027+0.917,,PARK,August,2016,22:00,WED,NON-JUNCTION,ROADSIDE LEFT,CLOUDY,DRY,DARK-NOT LIGHTED,NON-INJURY ACCIDENT (PROPERTY- DAMAGE-ONLY ACCIDENT),NOT FIXED OBJECT OR DEBRIS,45.52456999,-110.2212845
C000540N,027+0.233,LIVINGSTON,PARK,June,2014,21:40,SUN,NON-JUNCTION,ON ROADWAY,CLEAR,DRY,DARK-NOT LIGHTED,NON-INJURY ACCIDENT (PROPERTY- DAMAGE-ONLY ACCIDENT),WILD ANIMAL,45.54108333,-110.5585167
C000540N,000+0.248,,PARK,June,2016,21:28,WED,NON-JUNCTION,ON ROADWAY,CLEAR,DRY,DARK-NOT LIGHTED,NON-INJURY ACCIDENT (PROPERTY- DAMAGE-ONLY ACCIDENT),WILD ANIMAL,45.24717471,-110.8675204
C000540N,001+0.757,,PARK,January,2016,14:25,THU,NON-JUNCTION,ROADSIDE RIGHT,CLEAR,DRY,DAYLIGHT,NON-INJURY ACCIDENT (PROPERTY- DAMAGE-ONLY ACCIDENT),FIXED OBJECT,45.26602997,-110.8510567
C000540N,004+0.065,,PARK,October,2014,11:30,SUN,NON-JUNCTION,ROADSIDE RIGHT,CLOUDY,DRY,DAYLIGHT,POSSIBLE INJURY ACCIDENT,FIXED OBJECT,45.29562889,-110.8291629
C000540N,008+0.600,,PARK,June,2013,13:50,THU,NON-JUNCTION,ON ROADWAY,CLEAR,DRY,DAYLIGHT,NON-INCAPACITATING EVIDENT INJURY ACCIDENT,ROLL OVER,45.3314088,-110.7523916
C000540N,008+0.789,,PARK,November,2016,11:00,TUE,NON-JUNCTION,ROADSIDE LEFT,SNOW,ICE/FROST,DAYLIGHT,NON-INJURY ACCIDENT (PROPERTY- DAMAGE-ONLY ACCIDENT),FIXED OBJECT,45.33299839,-110.749325
C000540N,009+0.239,,PARK,May,2016,22:00,SAT,NON-JUNCTION,SHOULDER,CLOUDY,DRY,DARK-NOT LIGHTED,NON-INJURY ACCIDENT (PROPERTY- DAMAGE-ONLY ACCIDENT),FIXED OBJECT,45.33686065,-110.7418016
C000540N,011+0.866,NOT IN CITY LIMITS,PARK,AUGUST,2017,23:10,FRI,NON-JUNCTION,ROADSIDE RIGHT,CLEAR,DRY,DARK-NOT LIGHTED,NON-INCAPACITATING EVIDENT INJURY ACCIDENT,FIXED OBJECT,45.36073317,-110.7088336
C000540N,012+0.150,,PARK,October,2013,1:00,SAT,INTERSECTION-RELATED,ROADSIDE RIGHT,CLEAR,DRY,DARK-NOT LIGHTED,NON-INCAPACITATING EVIDENT INJURY ACCIDENT,FIXED OBJECT,45.36099833,-110.702865
C000540N,012+0.150,,PARK,June,2013,0:30,TUE,NON-JUNCTION,SHOULDER,CLEAR,DRY,DARK-NOT LIGHTED,NON-INJURY ACCIDENT (PROPERTY- DAMAGE-ONLY ACCIDENT),FIXED OBJECT,45.36098243,-110.7030144
C000540N,012+0.156,NOT IN CITY LIMITS,PARK,OCTOBER,2017,21:30,TUE,INTERSECTION,ROADSIDE RIGHT,CLEAR,DRY,DARK-NOT LIGHTED,NON-INJURY ACCIDENT (PROPERTY- DAMAGE-ONLY ACCIDENT),FIXED OBJECT,45.3610348,-110.7029138
C000540N,012+0.175,NOT IN CITY LIMITS,PARK,FEBRUARY,2017,18:30,WED,NON-JUNCTION,ROADSIDE LEFT,CLOUDY,SNOW,DARK-NOT LIGHTED,NON-INJURY ACCIDENT (PROPERTY- DAMAGE-ONLY ACCIDENT),FIXED OBJECT,45.36100404,-110.7024698
C000540N,013+0.542,NOT IN CITY LIMITS,PARK,MARCH,2017,22:50,THU,NON-JUNCTION,OUTSIDE RIGHT-OF-WAY (TRAFFICWAY),CLOUDY,DRY,DARK-NOT LIGHTED,INCAPACITATING INJURY ACCIDENT,ROLL OVER,45.37639599,-110.6848812
C000540N,013+0.592,NOT IN CITY LIMITS,PARK,DECEMBER,2017,18:15,THU,NON-JUNCTION,ON ROADWAY,CLOUDY,DRY,DARK-NOT LIGHTED,NON-INJURY ACCIDENT (PROPERTY- DAMAGE-ONLY ACCIDENT),WILD ANIMAL,45.37693428,-110.6842404
C000540N,013+0.604,,PARK,November,2015,8:00,TUE,NON-JUNCTION,ROADSIDE LEFT,SNOW,SNOW,DAYLIGHT,NON-INJURY ACCIDENT (PROPERTY- DAMAGE-ONLY ACCIDENT),FIXED OBJECT,45.37720526,-110.6841785
C000540N,013+0.630,NOT IN CITY LIMITS,PARK,MAY,2017,5:45,TUE,NON-JUNCTION,ON ROADWAY,CLOUDY,DRY,DARK-NOT LIGHTED,NON-INJURY ACCIDENT (PROPERTY- DAMAGE-ONLY ACCIDENT),WILD ANIMAL,45.37745157,-110.6838324
C000540N,013+0.822,,PARK,April,2016,13:50,TUE,NON-JUNCTION,IN PARKING LANE OR ZONE,CLOUDY,DRY,DAYLIGHT,NON-INCAPACITATING EVIDENT INJURY ACCIDENT,PEDESTRIAN,45.37977833,-110.6817171
C000540N,013+0.840,,PARK,May,2014,23:02,SAT,NON-JUNCTION,ROADSIDE LEFT,CLEAR,DRY,DARK-NOT LIGHTED,NON-INJURY ACCIDENT (PROPERTY- DAMAGE-ONLY ACCIDENT),ROLL OVER,45.38010315,-110.6816848
C000540N,013+0.871,,PARK,September,2015,10:27,TUE,NON-JUNCTION,ON ROADWAY,CLEAR,DRY,DAYLIGHT,NON-INJURY ACCIDENT (PROPERTY- DAMAGE-ONLY ACCIDENT),REAR TO SIDE,45.38015532,-110.6804983
C000540N,014+0.810,,PARK,February,2015,8:40,TUE,NON-JUNCTION,ON ROADWAY,CLEAR,DRY,DAYLIGHT,INCAPACITATING INJURY ACCIDENT,REAR-END,45.39207794,-110.6711124
C000540N,015+0.336,,PARK,July,2016,21:00,FRI,DRIVEWAY/ALLEY ACCESS RELATED,ROADSIDE LEFT,CLEAR,DRY,DAYLIGHT,NON-INCAPACITATING EVIDENT INJURY ACCIDENT,FIXED OBJECT,45.39857693,-110.6654296
C000540N,015+1.000,,PARK,October,2014,2:00,WED,NON-JUNCTION,ROADSIDE RIGHT,CLEAR,DRY,DARK-NOT LIGHTED,NON-INJURY ACCIDENT (PROPERTY- DAMAGE-ONLY ACCIDENT),ROLL OVER,45.4066441,-110.6581057
C000540N,016+0.030,,PARK,January,2016,18:00,SUN,NON-JUNCTION,ON ROADWAY,CLOUDY,WET,DUSK,NON-INJURY ACCIDENT (PROPERTY- DAMAGE-ONLY ACCIDENT),WILD ANIMAL,45.40699169,-110.657732
C000540N,016+0.583,NOT IN CITY LIMITS,PARK,DECEMBER,2017,10:00,THU,NON-JUNCTION,ROADSIDE LEFT,CLOUDY,ICE/FROST,DAYLIGHT,NON-INJURY ACCIDENT (PROPERTY- DAMAGE-ONLY ACCIDENT),FIXED OBJECT,45.41244563,-110.6501095
C000540N,016+0.583,NOT IN CITY LIMITS,PARK,OCTOBER,2017,7:15,TUE,NON-JUNCTION,ON ROADWAY,CLEAR,DRY,DAWN,NON-INJURY ACCIDENT (PROPERTY- DAMAGE-ONLY ACCIDENT),WILD ANIMAL,45.41256157,-110.6502415
C000540N,016+0.950,,PARK,October,2013,9:00,FRI,NON-JUNCTION,ROADSIDE RIGHT,CLEAR,ICE/FROST,DAYLIGHT,NON-INCAPACITATING EVIDENT INJURY ACCIDENT,ROLL OVER,45.41544333,-110.643815
C000540N,017+0.049,NOT IN CITY LIMITS,PARK,AUGUST,2017,13:35,FRI,INTERSECTION,ON ROADWAY,CLEAR,DRY,DAYLIGHT,POSSIBLE INJURY ACCIDENT,RIGHT ANGLE,45.41631355,-110.6421407
C000540N,017+0.500,,PARK,September,2013,16:35,THU,NON-JUNCTION,SHOULDER,CLEAR,DRY,DAYLIGHT,NON-INCAPACITATING EVIDENT INJURY ACCIDENT,ROLL OVER,45.41981533,-110.6341952
C000540N,018+0.946,,PARK,July,2015,16:15,FRI,NON-JUNCTION,SHOULDER,CLOUDY,DRY,DAYLIGHT,INCAPACITATING INJURY ACCIDENT,ROLL OVER,45.4337465,-110.6127297
C000540N,019+0.074,NOT IN CITY LIMITS,PARK,JANUARY,2017,18:10,THU,NON-JUNCTION,ROADSIDE RIGHT,CLOUDY,ICE/FROST,DARK-NOT LIGHTED,NON-INJURY ACCIDENT (PROPERTY- DAMAGE-ONLY ACCIDENT),WILD ANIMAL,45.43547541,-110.6116988
C000540N,020+0.080,,PARK,May,2014,22:59,SAT,NON-JUNCTION,ON ROADWAY,CLEAR,WET,DARK-NOT LIGHTED,NON-INJURY ACCIDENT (PROPERTY- DAMAGE-ONLY ACCIDENT),WILD ANIMAL,45.44955742,-110.6065061
C000540N,020+0.179,,PARK,December,2015,2:30,TUE,NON-JUNCTION,ROADSIDE LEFT,CLOUDY,SNOW,DARK-NOT LIGHTED,NON-INJURY ACCIDENT (PROPERTY- DAMAGE-ONLY ACCIDENT),FIXED OBJECT,45.45096909,-110.6061782
C000540N,020+0.868,LIVINGSTON,PARK,October,2015,6:45,WED,NON-JUNCTION,ON ROADWAY,CLEAR,DRY,DARK-NOT LIGHTED,NON-INJURY ACCIDENT (PROPERTY- DAMAGE-ONLY ACCIDENT),WILD ANIMAL,45.46041057,-110.6016903
C000540N,020+0.961,,PARK,September,2016,20:10,THU,NON-JUNCTION,ON ROADWAY,CLEAR,DRY,DARK-NOT LIGHTED,NON-INJURY ACCIDENT (PROPERTY- DAMAGE-ONLY ACCIDENT),WILD ANIMAL,45.4614558,-110.6004233