MDT_CORRIDOR_ID,SMS_REFPOST_OFFSET,CITY,COUNTY,Month,Year,SMS_TIME,SMT_CRASH_OCC_DAY_OF_WEEK,JUNCTION_RELATED,ROADWAY_RELATED,WEATHER_COND,ROAD_COND,LIGHT_COND,CRASH_SEVERITY,COLLISION_TYPE,LATITUDE,LONGITUDE
C000540N,021+0.277,,PARK,July,2016,13:25,FRI,DRIVEWAY/ALLEY ACCESS RELATED,ON ROADWAY,CLEAR,DRY,DAYLIGHT,NON-INJURY ACCIDENT (PROPERTY- DAMAGE-ONLY ACCIDENT),HEAD ON,45.46491821,-110.596219
C000540N,022+0.643,,PARK,October,2016,18:51,THU,NON-JUNCTION,ON ROADWAY,CLEAR,DRY,DARK-NOT LIGHTED,NON-INJURY ACCIDENT (PROPERTY- DAMAGE-ONLY ACCIDENT),WILD ANIMAL,45.47933107,-110.5770747
C000540N,022+0.898,,PARK,August,2015,0:00,SAT,NON-JUNCTION,SHOULDER,CLOUDY,DRY,DARK-NOT LIGHTED,NON-INJURY ACCIDENT (PROPERTY- DAMAGE-ONLY ACCIDENT),FIXED OBJECT,45.48203199,-110.5734725
C000540N,022+0.985,,PARK,March,2015,23:06,THU,NON-JUNCTION,ROADSIDE RIGHT,CLOUDY,DRY,DARK-NOT LIGHTED,NON-INJURY ACCIDENT (PROPERTY- DAMAGE-ONLY ACCIDENT),FIXED OBJECT,45.48325,-110.5732
C000540N,023+0.000,,PARK,December,2014,15:09,MON,NON-JUNCTION,ROADSIDE LEFT,CLEAR,DRY,DAYLIGHT,NON-INJURY ACCIDENT (PROPERTY- DAMAGE-ONLY ACCIDENT),FIXED OBJECT,45.48355,-110.57312
C000540N,023+0.142,,PARK,February,2015,6:15,TUE,NON-JUNCTION,SHOULDER,CLOUDY,DRY,DARK-NOT LIGHTED,NON-INCAPACITATING EVIDENT INJURY ACCIDENT,ROLL OVER,45.48561403,-110.5731674
C000540N,023+0.514,,PARK,January,2014,0:00,WED,NON-JUNCTION,ROADSIDE LEFT,SNOW,SNOW,DARK-NOT LIGHTED,NON-INJURY ACCIDENT (PROPERTY- DAMAGE-ONLY ACCIDENT),FIXED OBJECT,45.49100953,-110.5733468
C000540N,024+0.540,LIVINGSTON,PARK,November,2014,8:22,SUN,NON-JUNCTION,ON ROADWAY,CLOUDY,SNOW,DAYLIGHT,NON-INJURY ACCIDENT (PROPERTY- DAMAGE-ONLY ACCIDENT),HEAD ON,45.50496333,-110.567825
C000540N,025+0.272,,PARK,April,2015,20:25,SAT,NON-JUNCTION,ON ROADWAY,CLOUDY,DRY,DARK-NOT LIGHTED,NON-INJURY ACCIDENT (PROPERTY- DAMAGE-ONLY ACCIDENT),WILD ANIMAL,45.51399133,-110.5629632
C000540N,025+0.390,,PARK,June,2016,22:00,SUN,NON-JUNCTION,ON ROADWAY,CLOUDY,DRY,DARK-NOT LIGHTED,NON-INJURY ACCIDENT (PROPERTY- DAMAGE-ONLY ACCIDENT),WILD ANIMAL,45.51569272,-110.563013
C000540N,025+0.925,,PARK,November,2015,19:15,THU,NON-JUNCTION,ON ROADWAY,CLEAR,DRY,DARK-NOT LIGHTED,NON-INJURY ACCIDENT (PROPERTY- DAMAGE-ONLY ACCIDENT),WILD ANIMAL,45.52318004,-110.5620547
C000540N,026+0.410,,PARK,July,2013,23:10,SAT,INTERSECTION-RELATED,OFF ROADWAY LOCATION UNKNOWN,CLEAR,DRY,DARK-NOT LIGHTED,NON-INJURY ACCIDENT (PROPERTY- DAMAGE-ONLY ACCIDENT),FIXED OBJECT,45.52933854,-110.5584831
C000540N,026+0.677,,PARK,July,2014,10:20,WED,NON-JUNCTION,ROADSIDE RIGHT,CLEAR,DRY,DAYLIGHT,NON-INJURY ACCIDENT (PROPERTY- DAMAGE-ONLY ACCIDENT),FIXED OBJECT,45.533245,-110.5585383
C000540N,026+0.895,,PARK,September,2015,11:45,TUE,NON-JUNCTION,ROADSIDE RIGHT,CLEAR,DRY,DAYLIGHT,NON-INJURY ACCIDENT (PROPERTY- DAMAGE-ONLY ACCIDENT),ROLL OVER,45.5362326,-110.5578244
C000540N,027+0.159,NOT IN CITY LIMITS,PARK,OCTOBER,2017,6:30,MON,NON-JUNCTION,ON ROADWAY,CLOUDY,DRY,DARK-NOT LIGHTED,NON-INJURY ACCIDENT (PROPERTY- DAMAGE-ONLY ACCIDENT),WILD ANIMAL,45.53998232,-110.5585713
C000540N,028+0.437,,PARK,August,2014,6:35,MON,NON-JUNCTION,ON ROADWAY,CLEAR,DRY,DAYLIGHT,NON-INJURY ACCIDENT (PROPERTY- DAMAGE-ONLY ACCIDENT),WILD ANIMAL,45.55850861,-110.5589085
C000540N,029+0.081,,PARK,November,2015,7:15,WED,NON-JUNCTION,ON ROADWAY,CLOUDY,DRY,DAWN,NON-INJURY ACCIDENT (PROPERTY- DAMAGE-ONLY ACCIDENT),DOMESTIC ANIMAL,45.56789045,-110.5593499
C000540N,029+0.087,,PARK,September,2016,23:30,SAT,NON-JUNCTION,SHOULDER,CLOUDY,DRY,DARK-NOT LIGHTED,NON-INJURY ACCIDENT (PROPERTY- DAMAGE-ONLY ACCIDENT),ROLL OVER,45.5680134,-110.5591997
C000540N,029+0.111,,PARK,May,2014,21:15,SAT,NON-JUNCTION,ROADSIDE RIGHT,RAIN,WET,DUSK,NON-INJURY ACCIDENT (PROPERTY- DAMAGE-ONLY ACCIDENT),ROLL OVER,45.56834537,-110.5594405
C000540N,029+0.173,LIVINGSTON,PARK,February,2016,18:05,SUN,NON-JUNCTION,SHOULDER,CLOUDY,DRY,DUSK,POSSIBLE INJURY ACCIDENT,FIXED OBJECT,45.56899695,-110.5602516
C000540N,029+0.584,NOT IN CITY LIMITS,PARK,JUNE,2017,16:40,TUE,NON-JUNCTION,ROADSIDE RIGHT,CLOUDY,DRY,DAYLIGHT,NON-INJURY ACCIDENT (PROPERTY- DAMAGE-ONLY ACCIDENT),FIXED OBJECT,45.57266135,-110.5670134
C000540N,029+0.677,NOT IN CITY LIMITS,PARK,JULY,2017,22:45,SUN,NON-JUNCTION,ROADSIDE LEFT,CLEAR,DRY,DARK-NOT LIGHTED,NON-INJURY ACCIDENT (PROPERTY- DAMAGE-ONLY ACCIDENT),ROLL OVER,45.57402056,-110.5667949
C000540N,029+0.714,,PARK,February,2014,11:55,SUN,NON-JUNCTION,SHOULDER,SNOW,SLUSH,DAYLIGHT,NON-INJURY ACCIDENT (PROPERTY- DAMAGE-ONLY ACCIDENT),FIXED OBJECT,45.57457376,-110.5665149
C000540N,029+0.938,,PARK,November,2015,7:45,TUE,NON-JUNCTION,OUTSIDE RIGHT-OF-WAY (TRAFFICWAY),SNOW,ICE/FROST,DAYLIGHT,NON-INJURY ACCIDENT (PROPERTY- DAMAGE-ONLY ACCIDENT),FIXED OBJECT,45.57712144,-110.5639467
C000540N,030+0.026,,PARK,October,2015,18:20,SUN,NON-JUNCTION,ON ROADWAY,CLOUDY,DRY,DUSK,NON-INJURY ACCIDENT (PROPERTY- DAMAGE-ONLY ACCIDENT),WILD ANIMAL,45.57863094,-110.56325
C000540N,030+0.181,,PARK,September,2015,19:50,THU,NON-JUNCTION,ON ROADWAY,RAIN,WET,DARK-NOT LIGHTED,NON-INJURY ACCIDENT (PROPERTY- DAMAGE-ONLY ACCIDENT),WILD ANIMAL,45.5807938,-110.562748
C000540N,030+0.220,NOT IN CITY LIMITS,PARK,SEPTEMBER,2017,8:30,TUE,NON-JUNCTION,ROADSIDE RIGHT,CLEAR,DRY,DAYLIGHT,NON-INCAPACITATING EVIDENT INJURY ACCIDENT,ROLL OVER,45.58134157,-110.5627186
C000540N,030+0.517,NOT IN CITY LIMITS,PARK,NOVEMBER,2017,11:59,WED,NON-JUNCTION,ROADSIDE RIGHT,CLEAR,ICE/FROST,DAYLIGHT,NON-INJURY ACCIDENT (PROPERTY- DAMAGE-ONLY ACCIDENT),FIXED OBJECT,45.5856797,-110.5619045
C000540N,030+0.542,NOT IN CITY LIMITS,PARK,JUNE,2017,14:35,MON,NON-JUNCTION,ON ROADWAY,CLOUDY,DRY,DAYLIGHT,INCAPACITATING INJURY ACCIDENT,WILD ANIMAL,45.58574275,-110.5609704
C000540N,030+0.863,,PARK,August,2014,14:41,SAT,NON-JUNCTION,ON ROADWAY,CLEAR,DRY,DAYLIGHT,INCAPACITATING INJURY ACCIDENT,"SIDESWIPE, OPPOSITE DIRECTION",45.5904,-110.5611
C000540N,031+0.711,,PARK,January,2016,16:55,MON,NON-JUNCTION,ON ROADWAY,CLOUDY,DRY,DUSK,NON-INJURY ACCIDENT (PROPERTY- DAMAGE-ONLY ACCIDENT),WILD ANIMAL,45.59808431,-110.5713065
C000563N,000+0.390,,PARK,July,2016,22:30,WED,NON-JUNCTION,ON ROADWAY,CLOUDY,DRY,DARK-NOT LIGHTED,NON-INJURY ACCIDENT (PROPERTY- DAMAGE-ONLY ACCIDENT),WILD ANIMAL,45.73641172,-110.2206546
C000563N,000+0.532,LIVINGSTON,PARK,February,2015,6:55,MON,NON-JUNCTION,ROADSIDE LEFT,SEVERE CROSSWINDS,DRY,DARK-NOT LIGHTED,NON-INJURY ACCIDENT (PROPERTY- DAMAGE-ONLY ACCIDENT),FIXED OBJECT,45.73574921,-110.2235028
C000563N,000+0.532,,PARK,October,2016,5:00,TUE,INTERSECTION,ROADSIDE LEFT,CLOUDY,WET,DARK-NOT LIGHTED,NON-INJURY ACCIDENT (PROPERTY- DAMAGE-ONLY ACCIDENT),FIXED OBJECT,45.73574234,-110.2234891
C000571E,000+0.031,,PARK,December,2016,7:50,THU,NON-JUNCTION,ON ROADWAY,CLOUDY,DRY,DAYLIGHT,NON-INJURY ACCIDENT (PROPERTY- DAMAGE-ONLY ACCIDENT),WILD ANIMAL,45.36867406,-110.7327095
C000571E,000+0.050,,PARK,August,2014,11:45,FRI,NON-JUNCTION,ON ROADWAY,CLEAR,DRY,DAYLIGHT,NON-INJURY ACCIDENT (PROPERTY- DAMAGE-ONLY ACCIDENT),WILD ANIMAL,45.36839659,-110.7326387
C000571E,000+0.094,NOT IN CITY LIMITS,PARK,SEPTEMBER,2017,18:50,MON,NON-JUNCTION,ON ROADWAY,RAIN,WET,DUSK,NON-INJURY ACCIDENT (PROPERTY- DAMAGE-ONLY ACCIDENT),WILD ANIMAL,45.36797762,-110.7318669
C000571E,000+0.139,,PARK,February,2015,16:30,SAT,NON-JUNCTION,ON ROADWAY,CLOUDY,DRY,DAYLIGHT,NON-INJURY ACCIDENT (PROPERTY- DAMAGE-ONLY ACCIDENT),WILD ANIMAL,45.36775223,-110.7310267
C000571E,000+0.290,,PARK,November,2013,23:15,WED,NON-JUNCTION,ROADSIDE RIGHT,CLOUDY,DRY,DARK-NOT LIGHTED,NON-INCAPACITATING EVIDENT INJURY ACCIDENT,ROLL OVER,45.367675,-110.72779
C000571E,000+0.297,NOT IN CITY LIMITS,PARK,MAY,2017,6:55,SAT,NON-JUNCTION,ON ROADWAY,CLEAR,DRY,DAWN,NON-INJURY ACCIDENT (PROPERTY- DAMAGE-ONLY ACCIDENT),WILD ANIMAL,45.36765324,-110.7278371
C000571E,000+0.468,,PARK,January,2015,15:51,SUN,NON-JUNCTION,ROADSIDE RIGHT,CLOUDY,SNOW,DAYLIGHT,NON-INJURY ACCIDENT (PROPERTY- DAMAGE-ONLY ACCIDENT),FIXED OBJECT,45.3678,-110.72439
C000571E,000+0.910,,PARK,June,2013,7:10,WED,NON-JUNCTION,ON ROADWAY,CLOUDY,DRY,DARK-NOT LIGHTED,NON-INJURY ACCIDENT (PROPERTY- DAMAGE-ONLY ACCIDENT),WILD ANIMAL,45.36417513,-110.717942
C000572N,000+0.000,LIVINGSTON,PARK,December,2014,2:00,MON,INTERSECTION-RELATED,ROADSIDE RIGHT,SNOW,SNOW,DARK-NOT LIGHTED,NON-INJURY ACCIDENT (PROPERTY- DAMAGE-ONLY ACCIDENT),FIXED OBJECT,45.36101,-110.7027883
C000572N,000+0.025,,PARK,November,2016,12:15,TUE,NON-JUNCTION,ROADSIDE LEFT,CLOUDY,WET,DAYLIGHT,NON-INJURY ACCIDENT (PROPERTY- DAMAGE-ONLY ACCIDENT),FIXED OBJECT,45.36068342,-110.7025063
C000572N,000+0.408,,PARK,March,2016,16:55,SUN,NON-JUNCTION,ROADSIDE RIGHT,CLOUDY,DRY,DAYLIGHT,NON-INJURY ACCIDENT (PROPERTY- DAMAGE-ONLY ACCIDENT),ROLL OVER,45.35563926,-110.6991074
C000572N,001+0.280,NOT IN CITY LIMITS,PARK,NOVEMBER,2017,18:45,FRI,NON-JUNCTION,ROADSIDE LEFT,CLOUDY,ICE/FROST,DARK-NOT LIGHTED,POSSIBLE INJURY ACCIDENT,ROLL OVER,45.3436349,-110.6939798
C000572N,001+0.542,,PARK,September,2015,9:30,MON,NON-JUNCTION,OFF ROADWAY LOCATION UNKNOWN,CLOUDY,DRY,DARK-NOT LIGHTED,NON-INJURY ACCIDENT (PROPERTY- DAMAGE-ONLY ACCIDENT),PARKED VEHICLE,45.34,-110.6922933
C000572N,001+0.656,NOT IN CITY LIMITS,PARK,JUNE,2017,23:40,WED,NON-JUNCTION,ROADSIDE RIGHT,CLEAR,DRY,DARK-LIGHTED,NON-INJURY ACCIDENT (PROPERTY- DAMAGE-ONLY ACCIDENT),RIGHT ANGLE,45.3382721,-110.6926181
C002421N,001+0.003,NOT IN CITY LIMITS,PARK,DECEMBER,2017,20:30,SUN,NON-JUNCTION,ROADSIDE RIGHT,CLEAR,SNOW,DARK-NOT LIGHTED,NON-INJURY ACCIDENT (PROPERTY- DAMAGE-ONLY ACCIDENT),FIXED OBJECT,45.88569086,-110.6212994
C002421N,001+0.049,,PARK,November,2015,16:15,WED,NON-JUNCTION,OUTSIDE RIGHT-OF-WAY (TRAFFICWAY),CLOUDY,ICE/FROST,DAYLIGHT,NON-INJURY ACCIDENT (PROPERTY- DAMAGE-ONLY ACCIDENT),FIXED OBJECT,45.88534901,-110.6220511
C002421N,004+0.761,,PARK,July,2016,21:30,SAT,NON-JUNCTION,ROADSIDE RIGHT,UNKNOWN,DRY,UNKNOWN,NON-INJURY ACCIDENT (PROPERTY- DAMAGE-ONLY ACCIDENT),FIXED OBJECT,45.86912416,-110.6882759
C002421N,006+0.259,,PARK,October,2015,3:00,SAT,NON-JUNCTION,ROADSIDE LEFT,CLOUDY,DRY,DARK-NOT LIGHTED,NON-INJURY ACCIDENT (PROPERTY- DAMAGE-ONLY ACCIDENT),ROLL OVER,45.87233928,-110.7168131
C002421N,006+0.608,,PARK,July,2014,20:20,THU,NON-JUNCTION,ROADSIDE LEFT,CLEAR,DRY,DAYLIGHT,NON-INJURY ACCIDENT (PROPERTY- DAMAGE-ONLY ACCIDENT),ROLL OVER,45.87332281,-110.7239299
C002421N,008+0.565,NOT IN CITY LIMITS,PARK,SEPTEMBER,2017,15:55,THU,NON-JUNCTION,ROADSIDE RIGHT,CLEAR,DRY,DAYLIGHT,NON-INJURY ACCIDENT (PROPERTY- DAMAGE-ONLY ACCIDENT),ROLL OVER,45.87599,-110.76211
C002421N,008+0.590,,PARK,November,2013,16:35,TUE,NON-JUNCTION,ROADSIDE RIGHT,CLEAR,MUD DIRT GRAVEL,DARK-LIGHTED,NON-INJURY ACCIDENT (PROPERTY- DAMAGE-ONLY ACCIDENT),ROLL OVER,45.87578833,-110.7627733
C002421N,008+0.657,NOT IN CITY LIMITS,PARK,SEPTEMBER,2017,9:45,FRI,NON-JUNCTION,ROADSIDE LEFT,CLEAR,DRY,DAYLIGHT,INCAPACITATING INJURY ACCIDENT,FIXED OBJECT,45.87613505,-110.7639144
C002421N,008+0.892,,PARK,July,2015,18:00,SAT,NON-JUNCTION,ROADSIDE RIGHT,CLEAR,DRY,DAYLIGHT,NON-INJURY ACCIDENT (PROPERTY- DAMAGE-ONLY ACCIDENT),FIXED OBJECT,45.87869718,-110.7671186
C002426N,000+0.049,CLYDE PARK,PARK,January,2015,7:26,THU,INTERSECTION,ON ROADWAY,CLOUDY,DRY,DAYLIGHT,NON-INJURY ACCIDENT (PROPERTY- DAMAGE-ONLY ACCIDENT),RIGHT ANGLE,45.88708503,-110.6030017
C005545N,000+0.263,LIVINGSTON,PARK,March,2013,12:28,TUE,INTERSECTION,ON ROADWAY,CLEAR,DRY,DAYLIGHT,NON-INJURY ACCIDENT (PROPERTY- DAMAGE-ONLY ACCIDENT),RIGHT ANGLE,45.65690239,-110.5623458
C005559N,000+0.449,LIVINGSTON,PARK,FEBRUARY,2017,9:20,FRI,DRIVEWAY/ALLEY ACCESS RELATED,ON ROADWAY,CLOUDY,ICE/FROST,DAYLIGHT,NON-INJURY ACCIDENT (PROPERTY- DAMAGE-ONLY ACCIDENT),RIGHT ANGLE,45.65793325,-110.5634896
C005559N,000+0.616,LIVINGSTON,PARK,April,2013,15:52,SAT,INTERSECTION,ON ROADWAY,CLEAR,DRY,DAYLIGHT,POSSIBLE INJURY ACCIDENT,RIGHT ANGLE,45.65917052,-110.5611863
C005559N,001+0.242,LIVINGSTON,PARK,June,2013,10:30,FRI,INTERSECTION-RELATED,ON ROADWAY,CLEAR,DRY,DAYLIGHT,NON-INJURY ACCIDENT (PROPERTY- DAMAGE-ONLY ACCIDENT),RIGHT ANGLE,45.6647202,-110.5509407
C005587N,000+0.359,,PARK,April,2014,1:50,SAT,NON-JUNCTION,ROADSIDE LEFT,CLEAR,DRY,DARK-NOT LIGHTED,POSSIBLE INJURY ACCIDENT,FIXED OBJECT,45.64107595,-110.5908098
C005587N,000+0.376,,PARK,April,2015,15:48,FRI,NON-JUNCTION,ON ROADWAY,CLEAR,DRY,DAYLIGHT,NON-INJURY ACCIDENT (PROPERTY- DAMAGE-ONLY ACCIDENT),ROLL OVER,45.64134,-110.59086
C007402E,000+0.000,LIVINGSTON,PARK,February,2013,22:00,FRI,INTERSECTION-RELATED,ROADSIDE LEFT,SEVERE CROSSWINDS,DRY,DARK-NOT LIGHTED,NON-INJURY ACCIDENT (PROPERTY- DAMAGE-ONLY ACCIDENT),FIXED OBJECT,45.65671151,-110.5815642
C007403N,000+0.077,LIVINGSTON,PARK,October,2013,13:07,THU,INTERSECTION,ON ROADWAY,CLOUDY,DRY,DAYLIGHT,NON-INJURY ACCIDENT (PROPERTY- DAMAGE-ONLY ACCIDENT),"SIDESWIPE, SAME DIRECTION",45.66081289,-110.5666397
C007403N,000+0.077,LIVINGSTON,PARK,September,2013,17:28,MON,INTERSECTION-RELATED,ON ROADWAY,CLEAR,DRY,DAYLIGHT,POSSIBLE INJURY ACCIDENT,REAR-END,45.66081289,-110.5666397
C007403N,000+0.077,LIVINGSTON,PARK,January,2013,14:22,SAT,INTERSECTION,ON ROADWAY,CLOUDY,ICE/FROST,DAYLIGHT,NON-INJURY ACCIDENT (PROPERTY- DAMAGE-ONLY ACCIDENT),RIGHT ANGLE,45.66081289,-110.5666397
C007404W,000+0.000,LIVINGSTON,PARK,January,2013,8:00,MON,INTERSECTION-RELATED,ON ROADWAY,CLOUDY,ICE/FROST,DAYLIGHT,NON-INJURY ACCIDENT (PROPERTY- DAMAGE-ONLY ACCIDENT),REAR-END,45.66330466,-110.5620431
C007405W,000+0.035,LIVINGSTON,PARK,NOVEMBER,2017,20:05,MON,NON-JUNCTION,ON ROADWAY,CLOUDY,WET,DARK-NOT LIGHTED,NON-INJURY ACCIDENT (PROPERTY- DAMAGE-ONLY ACCIDENT),WILD ANIMAL,45.67353086,-110.5405679
C007405W,000+0.309,LIVINGSTON,PARK,September,2015,16:00,TUE,INTERSECTION-RELATED,ON ROADWAY,CLOUDY,DRY,DAYLIGHT,NON-INJURY ACCIDENT (PROPERTY- DAMAGE-ONLY ACCIDENT),REAR TO FRONT,45.675384,-110.5444261
C007406N,000+0.100,LIVINGSTON,PARK,July,2013,13:12,FRI,INTERSECTION-RELATED,ON ROADWAY,CLEAR,DRY,DAYLIGHT,NON-INJURY ACCIDENT (PROPERTY- DAMAGE-ONLY ACCIDENT),RIGHT ANGLE,45.66330466,-110.5620431
C007406N,000+0.218,LIVINGSTON,PARK,June,2013,9:40,THU,INTERSECTION,ON ROADWAY,CLEAR,DRY,DAYLIGHT,NON-INJURY ACCIDENT (PROPERTY- DAMAGE-ONLY ACCIDENT),BICYCLE,45.66429586,-110.5631097
C007406N,000+0.680,MANHATTAN,PARK,February,2014,6:30,THU,NON-JUNCTION,SHOULDER,CLEAR,SNOW,DARK-LIGHTED,NON-INJURY ACCIDENT (PROPERTY- DAMAGE-ONLY ACCIDENT),HEAD ON,45.8597798,-111.3293052
C007406N,001+0.022,LIVINGSTON,PARK,July,2013,2:21,FRI,NON-JUNCTION,ON ROADWAY,CLEAR,DRY,DARK-LIGHTED,NON-INJURY ACCIDENT (PROPERTY- DAMAGE-ONLY ACCIDENT),WILD ANIMAL,45.671915,-110.5519633
C007406N,001+0.127,LIVINGSTON,PARK,July,2013,18:00,THU,INTERSECTION-RELATED,ON ROADWAY,CLEAR,DRY,DAYLIGHT,NON-INJURY ACCIDENT (PROPERTY- DAMAGE-ONLY ACCIDENT),RIGHT ANGLE,45.67264318,-110.5506489
C007406N,001+0.759,LIVINGSTON,PARK,February,2013,12:25,TUE,RAILWAY GRADE CROSSING,ON ROADWAY,CLOUDY,DRY,DAYLIGHT,NON-INJURY ACCIDENT (PROPERTY- DAMAGE-ONLY ACCIDENT),REAR-END,45.67449267,-110.5407855
C007406N,002+0.299,,PARK,September,2014,19:00,SAT,NON-JUNCTION,ROADSIDE RIGHT,CLEAR,DRY,DUSK,NON-INJURY ACCIDENT (PROPERTY- DAMAGE-ONLY ACCIDENT),FIXED OBJECT,45.68542778,-110.5395356
C007406N,002+0.889,,PARK,June,2013,9:45,FRI,NON-JUNCTION,ON ROADWAY,CLOUDY,DRY,DAYLIGHT,NON-INJURY ACCIDENT (PROPERTY- DAMAGE-ONLY ACCIDENT),BACKING VEHICLE,45.69144914,-110.5310583
C007406N,003+0.831,,PARK,November,2016,16:33,TUE,NON-JUNCTION,ON ROADWAY,CLOUDY,WET,DAYLIGHT,NON-INJURY ACCIDENT (PROPERTY- DAMAGE-ONLY ACCIDENT),FIXED OBJECT,45.7018006,-110.519656
C007406N,004+0.030,,PARK,September,2014,15:00,THU,NON-JUNCTION,ROADSIDE LEFT,CLEAR,DRY,DAYLIGHT,NON-INCAPACITATING EVIDENT INJURY ACCIDENT,ROLL OVER,45.70470422,-110.519645
C007406N,004+0.116,,PARK,May,2015,22:00,THU,NON-JUNCTION,ROADSIDE RIGHT,CLOUDY,WET,DARK-NOT LIGHTED,POSSIBLE INJURY ACCIDENT,ROLL OVER,45.70597,-110.5197
C007406N,004+0.281,NOT IN CITY LIMITS,PARK,OCTOBER,2017,18:00,TUE,NON-JUNCTION,ON ROADWAY,CLOUDY,DRY,DAYLIGHT,NON-INJURY ACCIDENT (PROPERTY- DAMAGE-ONLY ACCIDENT),REAR-END,45.70773207,-110.5174593
C007406N,005+0.385,NOT IN CITY LIMITS,PARK,JULY,2017,8:40,THU,NON-JUNCTION,ON ROADWAY,CLEAR,DRY,DAYLIGHT,NON-INJURY ACCIDENT (PROPERTY- DAMAGE-ONLY ACCIDENT),WILD ANIMAL,45.71485908,-110.4976392
C007406N,005+0.874,NOT IN CITY LIMITS,PARK,AUGUST,2017,14:00,FRI,DRIVEWAY/ALLEY ACCESS RELATED,SHOULDER,CLOUDY,DRY,DAYLIGHT,NON-INJURY ACCIDENT (PROPERTY- DAMAGE-ONLY ACCIDENT),FIXED OBJECT,45.71677996,-110.4877357
C007406N,006+0.558,,PARK,January,2015,14:45,THU,NON-JUNCTION,ROADSIDE LEFT,CLEAR,ICE/FROST,DAYLIGHT,NON-INJURY ACCIDENT (PROPERTY- DAMAGE-ONLY ACCIDENT),FIXED OBJECT,45.72249954,-110.476583
C007406N,006+0.839,,PARK,March,2013,7:45,SAT,INTERSECTION-RELATED,SHOULDER,CLOUDY,ICE/FROST,DAYLIGHT,NON-INJURY ACCIDENT (PROPERTY- DAMAGE-ONLY ACCIDENT),FIXED OBJECT,45.725705,-110.473845
C007406N,006+0.883,,PARK,January,2015,14:55,TUE,INTERSECTION-RELATED,ROADSIDE LEFT,CLOUDY,DRY,DAYLIGHT,NON-INJURY ACCIDENT (PROPERTY- DAMAGE-ONLY ACCIDENT),FIXED OBJECT,45.72646087,-110.4739156
C007407N,000+0.176,,PARK,February,2016,15:40,TUE,NON-JUNCTION,ROADSIDE LEFT,CLEAR,DRY,DAYLIGHT,NON-INJURY ACCIDENT (PROPERTY- DAMAGE-ONLY ACCIDENT),FIXED OBJECT,45.64685,-110.5767
C007407N,000+0.239,,PARK,April,2014,7:50,THU,NON-JUNCTION,SHOULDER,CLOUDY,DRY,DAYLIGHT,NON-INJURY ACCIDENT (PROPERTY- DAMAGE-ONLY ACCIDENT),FIXED OBJECT,45.64703188,-110.5776207
C007407N,000+0.239,,PARK,November,2015,0:30,FRI,NON-JUNCTION,ROADSIDE LEFT,CLOUDY,SNOW,DARK-NOT LIGHTED,NON-INJURY ACCIDENT (PROPERTY- DAMAGE-ONLY ACCIDENT),FIXED OBJECT,45.64702545,-110.5774693
C007407N,000+0.524,NOT IN CITY LIMITS,PARK,DECEMBER,2017,14:30,SAT,INTERSECTION-RELATED,ROADSIDE LEFT,CLEAR,ICE/FROST,DAYLIGHT,NON-INJURY ACCIDENT (PROPERTY- DAMAGE-ONLY ACCIDENT),FIXED OBJECT,45.65023184,-110.5762888
C007407N,000+0.683,LIVINGSTON,PARK,January,2016,1:00,SAT,DRIVEWAY/ALLEY ACCESS RELATED,SHOULDER,CLOUDY,ICE/FROST,DARK-NOT LIGHTED,NON-INJURY ACCIDENT (PROPERTY- DAMAGE-ONLY ACCIDENT),FIXED OBJECT,45.65106165,-110.5740827
C007408W,002+0.142,LIVINGSTON,PARK,May,2013,0:19,WED,NON-JUNCTION,OFF ROADWAY LOCATION UNKNOWN,CLEAR,DRY,DARK-NOT LIGHTED,NON-INCAPACITATING EVIDENT INJURY ACCIDENT,ROLL OVER,45.65380395,-110.6103305
C007408W,002+0.345,LIVINGSTON,PARK,July,2015,12:50,SUN,ENTRANCE/EXIT RAMP,GORE,RAIN,WET,DAYLIGHT,NON-INJURY ACCIDENT (PROPERTY- DAMAGE-ONLY ACCIDENT),FIXED OBJECT,45.65109333,-110.612275
C007408W,002+0.372,LIVINGSTON,PARK,June,2013,11:35,MON,NON-JUNCTION,ON ROADWAY,CLOUDY,DRY,DAYLIGHT,NON-INJURY ACCIDENT (PROPERTY- DAMAGE-ONLY ACCIDENT),FIXED OBJECT,45.65142366,-110.6120791
C007410E,000+0.376,NOT IN CITY LIMITS,PARK,JANUARY,2017,11:20,FRI,INTERSECTION,ON ROADWAY,CLEAR,ICE/FROST,DAYLIGHT,NON-INJURY ACCIDENT (PROPERTY- DAMAGE-ONLY ACCIDENT),RIGHT ANGLE,45.65465094,-110.5634961