MDT_CORRIDOR_ID,SMS_REFPOST_OFFSET,CITY,COUNTY,Month,Year,SMS_TIME,SMT_CRASH_OCC_DAY_OF_WEEK,JUNCTION_RELATED,ROADWAY_RELATED,WEATHER_COND,ROAD_COND,LIGHT_COND,CRASH_SEVERITY,COLLISION_TYPE,LATITUDE,LONGITUDE
C222600N,001+0.735,,PARK,October,2014,22:30,TUE,NON-JUNCTION,ROADSIDE RIGHT,CLEAR,DRY,DARK-NOT LIGHTED,NON-INCAPACITATING EVIDENT INJURY ACCIDENT,FIXED OBJECT,45.30712659,-110.8625192
C222600N,001+0.800,,PARK,November,2013,15:15,SUN,NON-JUNCTION,OUTSIDE RIGHT-OF-WAY (TRAFFICWAY),CLEAR,ICE/FROST,DAYLIGHT,NON-INJURY ACCIDENT (PROPERTY- DAMAGE-ONLY ACCIDENT),LOST CONTROL,45.30613711,-110.8628562
C222600N,001+0.830,,PARK,December,2013,21:04,FRI,NON-JUNCTION,ROADSIDE LEFT,CLOUDY,SNOW,DARK-NOT LIGHTED,NON-INJURY ACCIDENT (PROPERTY- DAMAGE-ONLY ACCIDENT),ROLL OVER,45.30592781,-110.8633617
C222600N,003+0.079,,PARK,June,2015,21:45,SUN,NON-JUNCTION,ROADSIDE RIGHT,CLEAR,DRY,DARK-NOT LIGHTED,NON-INJURY ACCIDENT (PROPERTY- DAMAGE-ONLY ACCIDENT),FIXED OBJECT,45.30935417,-110.8847812
C222600N,003+0.459,,PARK,September,2014,15:19,THU,NON-JUNCTION,OUTSIDE RIGHT-OF-WAY (TRAFFICWAY),CLEAR,WET,DAYLIGHT,NON-INCAPACITATING EVIDENT INJURY ACCIDENT,ROLL OVER,45.31036041,-110.8918722
C222600N,003+0.479,,PARK,June,2015,10:30,SAT,NON-JUNCTION,ROADSIDE RIGHT,CLEAR,DRY,DAYLIGHT,NON-INJURY ACCIDENT (PROPERTY- DAMAGE-ONLY ACCIDENT),FIXED OBJECT,45.31012667,-110.892275
C222601E,000+0.144,,PARK,February,2015,8:40,WED,NON-JUNCTION,ROADSIDE LEFT,SNOW,ICE/FROST,DAYLIGHT,POSSIBLE INJURY ACCIDENT,ROLL OVER,45.32210282,-110.798916
C222601E,001+0.021,,PARK,April,2016,18:40,TUE,NON-JUNCTION,ROADSIDE RIGHT,CLOUDY,DRY,DAYLIGHT,NON-INJURY ACCIDENT (PROPERTY- DAMAGE-ONLY ACCIDENT),ROLL OVER,45.32110714,-110.8166367
C222601E,001+0.169,NOT IN CITY LIMITS,PARK,SEPTEMBER,2017,16:30,MON,NON-JUNCTION,ROADSIDE RIGHT,CLOUDY,DRY,DAYLIGHT,NON-INJURY ACCIDENT (PROPERTY- DAMAGE-ONLY ACCIDENT),ROLL OVER,45.32109439,-110.8198285
C222601E,001+0.250,,PARK,January,2013,12:42,SUN,NON-JUNCTION,ROADSIDE LEFT,CLOUDY,SNOW,DAYLIGHT,NON-INJURY ACCIDENT (PROPERTY- DAMAGE-ONLY ACCIDENT),ROLL OVER,45.32170167,-110.8211967
C222603E,001+0.732,,PARK,January,2015,8:10,WED,NON-JUNCTION,ON ROADWAY,CLOUDY,ICE/FROST,DAYLIGHT,NON-INJURY ACCIDENT (PROPERTY- DAMAGE-ONLY ACCIDENT),"SIDESWIPE, OPPOSITE DIRECTION",45.11376824,-110.8200173
C222603E,002+0.821,NOT IN CITY LIMITS,PARK,JULY,2017,14:15,THU,NON-JUNCTION,ROADSIDE LEFT,CLEAR,DRY,DAYLIGHT,NON-INJURY ACCIDENT (PROPERTY- DAMAGE-ONLY ACCIDENT),REAR TO FRONT,45.09920267,-110.823224
C222604N,000+0.009,,PARK,December,2015,14:15,FRI,NON-JUNCTION,ROADSIDE LEFT,CLEAR,DRY,DAYLIGHT,NON-INJURY ACCIDENT (PROPERTY- DAMAGE-ONLY ACCIDENT),IMMERSION,45.55122619,-110.5971237
C222605N,000+0.714,,PARK,May,2014,7:50,WED,NON-JUNCTION,SHOULDER,SNOW,WET,DAYLIGHT,POSSIBLE INJURY ACCIDENT,ROLL OVER,45.65003034,-110.6538115
C222605N,001+0.123,NOT IN CITY LIMITS,PARK,MAY,2017,7:30,SAT,NON-JUNCTION,ROADSIDE LEFT,CLOUDY,DRY,DAYLIGHT,POSSIBLE INJURY ACCIDENT,ROLL OVER,45.64690226,-110.6604016
C222609N,000+0.264,,PARK,December,2015,19:00,SUN,NON-JUNCTION,OFF ROADWAY LOCATION UNKNOWN,CLEAR,ICE/FROST,DARK-NOT LIGHTED,NON-INJURY ACCIDENT (PROPERTY- DAMAGE-ONLY ACCIDENT),FIXED OBJECT,45.36160511,-110.7444481
C222609N,000+0.422,,PARK,February,2014,16:00,THU,NON-JUNCTION,ROADSIDE RIGHT,CLEAR,SLUSH,DAYLIGHT,NON-INJURY ACCIDENT (PROPERTY- DAMAGE-ONLY ACCIDENT),FIXED OBJECT,45.36305308,-110.7422214
C222609N,000+0.486,NOT IN CITY LIMITS,PARK,JUNE,2017,14:35,MON,NON-JUNCTION,ROADSIDE RIGHT,CLOUDY,DRY,DAYLIGHT,NON-INJURY ACCIDENT (PROPERTY- DAMAGE-ONLY ACCIDENT),ROLL OVER,45.36398197,-110.7412789
C222609N,000+0.883,,PARK,January,2014,8:50,THU,NON-JUNCTION,SHOULDER,CLEAR,ICE/FROST,DAYLIGHT,POSSIBLE INJURY ACCIDENT,ROLL OVER,45.36814844,-110.7363817
C222609N,001+0.220,,PARK,December,2013,19:20,SAT,NON-JUNCTION,SHOULDER,CLOUDY,SNOW,DARK-NOT LIGHTED,NON-INJURY ACCIDENT (PROPERTY- DAMAGE-ONLY ACCIDENT),FIXED OBJECT,45.37165568,-110.7315664
C222630N,000+0.069,,PARK,May,2015,16:57,FRI,ENTRANCE/EXIT RAMP,ROADSIDE RIGHT,CLEAR,DRY,DAYLIGHT,NON-INJURY ACCIDENT (PROPERTY- DAMAGE-ONLY ACCIDENT),FIXED OBJECT,45.71376281,-110.3981575
C222630N,000+0.144,,PARK,April,2015,14:30,MON,NON-JUNCTION,SHOULDER,CLEAR,DRY,DAYLIGHT,NON-INJURY ACCIDENT (PROPERTY- DAMAGE-ONLY ACCIDENT),FIXED OBJECT,45.71385157,-110.3997353
C222632E,000+0.216,,PARK,August,2015,0:00,SAT,DRIVEWAY/ALLEY ACCESS RELATED,ROADSIDE RIGHT,CLEAR,DRY,DARK-NOT LIGHTED,NON-INJURY ACCIDENT (PROPERTY- DAMAGE-ONLY ACCIDENT),FIXED OBJECT,45.85460905,-110.5799098
C222639N,000+0.010,,PARK,December,2016,17:58,WED,NON-JUNCTION,ON ROADWAY,CLEAR,DRY,DARK-NOT LIGHTED,NON-INJURY ACCIDENT (PROPERTY- DAMAGE-ONLY ACCIDENT),WILD ANIMAL,45.41582459,-110.6873367
C222645N,000+0.004,,PARK,February,2014,9:27,FRI,NON-JUNCTION,ON ROADWAY,SNOW,ICE/FROST,DAYLIGHT,NON-INJURY ACCIDENT (PROPERTY- DAMAGE-ONLY ACCIDENT),"SIDESWIPE, OPPOSITE DIRECTION",45.65338737,-110.7562233
C222648S,000+0.319,,PARK,June,2016,22:21,WED,NON-JUNCTION,OFF ROADWAY LOCATION UNKNOWN,CLEAR,MUD DIRT GRAVEL,DARK-NOT LIGHTED,NON-INJURY ACCIDENT (PROPERTY- DAMAGE-ONLY ACCIDENT),FIXED OBJECT,45.6405856,-110.5969145
C222648S,000+0.557,NOT IN CITY LIMITS,PARK,SEPTEMBER,2017,5:00,FRI,INTERSECTION-RELATED,ROADSIDE RIGHT,RAIN,MUD DIRT GRAVEL,UNKNOWN,NON-INJURY ACCIDENT (PROPERTY- DAMAGE-ONLY ACCIDENT),FIXED OBJECT,45.63715534,-110.5977044
C222653E,000+0.040,NOT IN CITY LIMITS,PARK,DECEMBER,2017,18:40,THU,NON-JUNCTION,OUTSIDE RIGHT-OF-WAY (TRAFFICWAY),CLOUDY,SNOW,DARK-NOT LIGHTED,NON-INJURY ACCIDENT (PROPERTY- DAMAGE-ONLY ACCIDENT),FIXED OBJECT,45.1081,-110.7909
C222654S,000+0.015,,PARK,January,2014,0:30,THU,INTERSECTION-RELATED,ON ROADWAY,SNOW,SNOW,DARK-NOT LIGHTED,INCAPACITATING INJURY ACCIDENT,ROLL OVER,45.01860665,-109.9395854
C222655S,000+0.020,,PARK,January,2015,9:50,FRI,NON-JUNCTION,SHOULDER,CLOUDY,SNOW,DAYLIGHT,INCAPACITATING INJURY ACCIDENT,PEDESTRIAN,45.02061127,-109.9314234
C222656S,000+0.033,NOT IN CITY LIMITS,PARK,APRIL,2017,14:05,MON,NON-JUNCTION,ON ROADWAY,SNOW,WET,DAYLIGHT,NON-INJURY ACCIDENT (PROPERTY- DAMAGE-ONLY ACCIDENT),REAR TO SIDE,45.01987,-109.93282
C222663E,000+0.035,NOT IN CITY LIMITS,PARK,APRIL,2017,5:40,THU,NON-JUNCTION,ROADSIDE LEFT,SNOW,WET,DARK-NOT LIGHTED,NON-INJURY ACCIDENT (PROPERTY- DAMAGE-ONLY ACCIDENT),NOT FIXED OBJECT OR DEBRIS,45.0362371,-110.7137163
C222668W,000+0.000,,PARK,September,2013,1:38,SAT,INTERSECTION-RELATED,ROADSIDE RIGHT,CLOUDY,DRY,DARK-NOT LIGHTED,NON-INJURY ACCIDENT (PROPERTY- DAMAGE-ONLY ACCIDENT),REAR-END,45.03259831,-110.708774
C222669N,000+0.100,,PARK,September,2013,1:38,SAT,NON-JUNCTION,ROADSIDE LEFT,CLOUDY,DRY,DARK-NOT LIGHTED,NON-INJURY ACCIDENT (PROPERTY- DAMAGE-ONLY ACCIDENT),FIXED OBJECT,45.0320348,-110.7089926
C222670E,000+0.181,,PARK,June,2016,15:00,TUE,NON-JUNCTION,ON ROADWAY,CLEAR,DRY,DAYLIGHT,NON-INJURY ACCIDENT (PROPERTY- DAMAGE-ONLY ACCIDENT),PARKED VEHICLE,45.03031764,-110.7077644
C222673N,000+0.165,,PARK,May,2016,1:15,MON,INTERSECTION,ON ROADWAY,CLOUDY,DRY,DARK-LIGHTED,NON-INCAPACITATING EVIDENT INJURY ACCIDENT,ROLL OVER,45.0311298,-110.707326
C222675E,000+0.060,,PARK,June,2013,19:30,MON,NON-JUNCTION,SHOULDER,CLOUDY,DRY,DAYLIGHT,NON-INJURY ACCIDENT (PROPERTY- DAMAGE-ONLY ACCIDENT),"SIDESWIPE, OPPOSITE DIRECTION",45.03123223,-110.7067728
C222679W,000+0.030,,PARK,August,2013,11:00,SUN,NON-JUNCTION,SHOULDER,CLOUDY,DRY,DAYLIGHT,NON-INJURY ACCIDENT (PROPERTY- DAMAGE-ONLY ACCIDENT),FIXED OBJECT,45.26526527,-110.8086041
C222699N,000+0.166,,PARK,November,2015,0:00,TUE,NON-JUNCTION,ROADSIDE LEFT,CLOUDY,ICE/FROST,DAYLIGHT,NON-INJURY ACCIDENT (PROPERTY- DAMAGE-ONLY ACCIDENT),ROLL OVER,45.69786896,-110.7466338
C222745N,000+0.330,,PARK,January,2015,6:00,THU,NON-JUNCTION,SHOULDER,CLEAR,ICE/FROST,DARK-NOT LIGHTED,NON-INJURY ACCIDENT (PROPERTY- DAMAGE-ONLY ACCIDENT),FIXED OBJECT,45.3776526,-110.7284655
C222747N,039+0.988,,PARK,May,2014,17:47,MON,INTERSECTION,ON ROADWAY,CLEAR,DRY,DAYLIGHT,INCAPACITATING INJURY ACCIDENT,REAR-END,45.46387355,-110.6263678
C222763N,000+0.217,,PARK,January,2016,11:30,SUN,NON-JUNCTION,ROADSIDE LEFT,CLOUDY,DRY,DAYLIGHT,UNKNOWN,ROLL OVER,45.62686598,-110.6191897
C222770N,000+0.304,LIVINGSTON,PARK,November,2014,20:00,TUE,NON-JUNCTION,ROADSIDE LEFT,CLOUDY,DRY,DARK-NOT LIGHTED,NON-INJURY ACCIDENT (PROPERTY- DAMAGE-ONLY ACCIDENT),FIXED OBJECT,45.63549905,-110.5888428
C222781N,000+0.067,LIVINGSTON,PARK,January,2014,9:50,TUE,INTERSECTION,SHOULDER,CLOUDY,ICE/FROST,DAYLIGHT,NON-INJURY ACCIDENT (PROPERTY- DAMAGE-ONLY ACCIDENT),FIXED OBJECT,45.64098031,-110.5833376
C222781N,000+0.067,,PARK,December,2016,2:30,SUN,INTERSECTION-RELATED,ROADSIDE LEFT,CLOUDY,ICE/FROST,DARK-LIGHTED,NON-INJURY ACCIDENT (PROPERTY- DAMAGE-ONLY ACCIDENT),FIXED OBJECT,45.64097506,-110.5832741
C222781N,000+0.072,,PARK,May,2016,1:42,SAT,INTERSECTION-RELATED,ROADSIDE LEFT,CLEAR,DRY,DARK-NOT LIGHTED,NON-INJURY ACCIDENT (PROPERTY- DAMAGE-ONLY ACCIDENT),FIXED OBJECT,45.64102809,-110.5832079
C222781N,000+0.201,,PARK,January,2015,18:28,SAT,NON-JUNCTION,ON ROADWAY,SNOW,SNOW,DARK-NOT LIGHTED,NON-INJURY ACCIDENT (PROPERTY- DAMAGE-ONLY ACCIDENT),HEAD ON,45.64290304,-110.5832762
C222801N,000+0.585,LIVINGSTON,PARK,June,2015,0:30,SUN,NON-JUNCTION,SHOULDER,CLOUDY,DRY,DARK-NOT LIGHTED,NON-INJURY ACCIDENT (PROPERTY- DAMAGE-ONLY ACCIDENT),ROLL OVER,45.56904137,-110.5189016
C222833N,000+0.089,,PARK,June,2016,20:20,WED,NON-JUNCTION,OFF ROADWAY LOCATION UNKNOWN,CLEAR,DRY,DAYLIGHT,NON-INJURY ACCIDENT (PROPERTY- DAMAGE-ONLY ACCIDENT),PARKED VEHICLE,45.03492403,-110.7150604
C222860N,000+0.000,,PARK,June,2013,1:00,SAT,INTERSECTION-RELATED,ROADSIDE LEFT,CLEAR,DRY,DARK-NOT LIGHTED,NON-INJURY ACCIDENT (PROPERTY- DAMAGE-ONLY ACCIDENT),FIXED OBJECT,45.36152167,-110.7447217
C222874N,000+0.100,NOT IN CITY LIMITS,PARK,MARCH,2017,0:30,THU,NON-JUNCTION,ROADSIDE RIGHT,RAIN,ICE/FROST,DARK-NOT LIGHTED,NON-INJURY ACCIDENT (PROPERTY- DAMAGE-ONLY ACCIDENT),ROLL OVER,45.36226837,-110.7615647
C222882N,000+0.587,,PARK,December,2016,12:30,THU,NON-JUNCTION,ON ROADWAY,CLEAR,SNOW,DAYLIGHT,NON-INJURY ACCIDENT (PROPERTY- DAMAGE-ONLY ACCIDENT),HEAD ON,45.65337491,-110.7362006
C222916N,000+0.752,,PARK,October,2015,18:20,FRI,NON-JUNCTION,ON ROADWAY,CLEAR,DRY,DAYLIGHT,NON-INJURY ACCIDENT (PROPERTY- DAMAGE-ONLY ACCIDENT),WILD ANIMAL,45.40926277,-110.6678407
C222916N,001+0.544,NOT IN CITY LIMITS,PARK,APRIL,2017,17:25,TUE,NON-JUNCTION,ROADSIDE LEFT,CLOUDY,DRY,DAYLIGHT,INCAPACITATING INJURY ACCIDENT,FIXED OBJECT,45.40939395,-110.683932
C222916N,001+0.580,,PARK,December,2013,14:12,WED,NON-JUNCTION,SHOULDER,CLOUDY,MUD DIRT GRAVEL,DAYLIGHT,INCAPACITATING INJURY ACCIDENT,FIXED OBJECT,45.4091569,-110.6847659
C222916N,001+0.620,,PARK,July,2013,20:58,WED,NON-JUNCTION,ROADSIDE RIGHT,CLEAR,DRY,DAYLIGHT,INCAPACITATING INJURY ACCIDENT,ROLL OVER,45.40881154,-110.6852067
C222921N,000+0.000,,PARK,August,2013,23:00,SUN,NON-JUNCTION,ON ROADWAY,CLOUDY,DRY,DARK-NOT LIGHTED,POSSIBLE INJURY ACCIDENT,ROLL OVER,45.32265248,-110.8233915
C222934N,000+0.803,NOT IN CITY LIMITS,PARK,DECEMBER,2017,16:30,SUN,NON-JUNCTION,ROADSIDE RIGHT,CLOUDY,ICE/FROST,DAYLIGHT,NON-INJURY ACCIDENT (PROPERTY- DAMAGE-ONLY ACCIDENT),ROLL OVER,45.33092047,-110.8374548
C222943N,000+0.074,,PARK,March,2016,19:25,FRI,NON-JUNCTION,ROADSIDE RIGHT,CLOUDY,DRY,DARK-NOT LIGHTED,POSSIBLE INJURY ACCIDENT,ROLL OVER,45.36945151,-110.7600324
C222949N,000+0.106,,PARK,December,2014,11:10,TUE,DRIVEWAY/ALLEY ACCESS RELATED,ON ROADWAY,CLEAR,SNOW,DAYLIGHT,NON-INJURY ACCIDENT (PROPERTY- DAMAGE-ONLY ACCIDENT),REAR TO SIDE,45.36469035,-110.7619901
C222953N,000+0.000,,PARK,June,2015,13:00,FRI,INTERSECTION-RELATED,ON ROADWAY,CLEAR,DRY,DAYLIGHT,NON-INJURY ACCIDENT (PROPERTY- DAMAGE-ONLY ACCIDENT),REAR-END,45.41208361,-110.6932559
C222953N,000+0.073,,PARK,August,2016,0:55,SAT,NON-JUNCTION,ON ROADWAY,CLEAR,DRY,DARK-LIGHTED,NON-INJURY ACCIDENT (PROPERTY- DAMAGE-ONLY ACCIDENT),WILD ANIMAL,45.41275978,-110.6926002
C222965N,000+0.241,,PARK,July,2016,12:30,THU,NON-JUNCTION,UNKNOWN,CLEAR,DRY,DAYLIGHT,NON-INJURY ACCIDENT (PROPERTY- DAMAGE-ONLY ACCIDENT),REAR TO REAR,45.41455219,-110.6570056
C222970N,003+0.944,,PARK,January,2016,7:00,THU,NON-JUNCTION,ON ROADWAY,CLOUDY,DRY,DARK-NOT LIGHTED,NON-INJURY ACCIDENT (PROPERTY- DAMAGE-ONLY ACCIDENT),WILD ANIMAL,45.39831,-110.66577
C223018N,000+0.071,LIVINGSTON,PARK,SEPTEMBER,2017,2:00,SAT,DRIVEWAY/ALLEY ACCESS RELATED,ON ROADWAY,CLOUDY,WET,DARK-NOT LIGHTED,NON-INJURY ACCIDENT (PROPERTY- DAMAGE-ONLY ACCIDENT),FIXED OBJECT,45.68298433,-110.4924893
C223020N,005+0.050,,PARK,June,2013,4:45,SUN,NON-JUNCTION,ROADSIDE RIGHT,CLEAR,MUD DIRT GRAVEL,DARK-NOT LIGHTED,NON-INJURY ACCIDENT (PROPERTY- DAMAGE-ONLY ACCIDENT),ROLL OVER,45.60715167,-110.515795
C223020N,005+0.080,,PARK,May,2013,14:05,SUN,NON-JUNCTION,SHOULDER,CLOUDY,DRY,DAYLIGHT,INCAPACITATING INJURY ACCIDENT,FIXED OBJECT,45.60711625,-110.515384
C223058N,000+0.100,LIVINGSTON,PARK,February,2015,16:27,SAT,NON-JUNCTION,ON ROADWAY,CLEAR,DRY,DAYLIGHT,NON-INJURY ACCIDENT (PROPERTY- DAMAGE-ONLY ACCIDENT),U TURN,45.64816427,-110.5754078
C229048E,000+0.140,,PARK,April,2014,3:45,THU,NON-JUNCTION,SHOULDER,CLOUDY,DRY,DARK-NOT LIGHTED,NON-INJURY ACCIDENT (PROPERTY- DAMAGE-ONLY ACCIDENT),FIXED OBJECT,45.70260667,-110.2598733
C229049E,000+0.055,NOT IN CITY LIMITS,PARK,JUNE,2017,8:53,FRI,NON-JUNCTION,ON ROADWAY,CLEAR,DRY,DAYLIGHT,NON-INJURY ACCIDENT (PROPERTY- DAMAGE-ONLY ACCIDENT),"SIDESWIPE, SAME DIRECTION",45.69908672,-110.2616973
C229053E,000+0.048,NOT IN CITY LIMITS,PARK,JULY,2017,11:25,WED,NON-JUNCTION,ON ROADWAY,CLEAR,DRY,DAYLIGHT,NON-INJURY ACCIDENT (PROPERTY- DAMAGE-ONLY ACCIDENT),WILD ANIMAL,45.70525241,-110.4581744
C229053E,000+0.223,NOT IN CITY LIMITS,PARK,MARCH,2017,21:25,FRI,NON-JUNCTION,ROADSIDE LEFT,CLEAR,DRY,DARK-LIGHTED,NON-INJURY ACCIDENT (PROPERTY- DAMAGE-ONLY ACCIDENT),FIXED OBJECT,45.70620862,-110.4547593
C229056E,000+0.094,LIVINGSTON,PARK,February,2014,18:00,MON,ENTRANCE/EXIT RAMP,ON ROADWAY,BLOWING SNOW,SNOW,DARK-LIGHTED,NON-INJURY ACCIDENT (PROPERTY- DAMAGE-ONLY ACCIDENT),FIXED OBJECT,45.64307152,-110.5719452
C229059E,000+0.083,NOT IN CITY LIMITS,PARK,MAY,2017,20:19,WED,NON-JUNCTION,ROADSIDE RIGHT,SNOW,SNOW,DAYLIGHT,NON-INJURY ACCIDENT (PROPERTY- DAMAGE-ONLY ACCIDENT),ROLL OVER,45.65171581,-110.6144498
C229059E,000+0.144,NOT IN CITY LIMITS,PARK,MAY,2017,14:40,SAT,NON-JUNCTION,ON ROADWAY,CLOUDY,DRY,DAYLIGHT,NON-INJURY ACCIDENT (PROPERTY- DAMAGE-ONLY ACCIDENT),LOST CONTROL,45.65125467,-110.6134235
C229259W,000+0.262,,PARK,February,2014,4:30,SAT,NON-JUNCTION,ON ROADWAY,CLOUDY,SNOW,DAYLIGHT,NON-INJURY ACCIDENT (PROPERTY- DAMAGE-ONLY ACCIDENT),NOT FIXED OBJECT OR DEBRIS,45.71295667,-110.3952433
C229259W,000+0.367,,PARK,July,2016,5:45,THU,NON-JUNCTION,ON ROADWAY,CLEAR,DRY,DAYLIGHT,NON-INJURY ACCIDENT (PROPERTY- DAMAGE-ONLY ACCIDENT),WILD ANIMAL,45.71347706,-110.3973679
C229261W,000+0.213,,PARK,December,2015,9:50,SAT,OTHER LOCATION,OUTSIDE RIGHT-OF-WAY (TRAFFICWAY),CLEAR,DRY,DAYLIGHT,NON-INJURY ACCIDENT (PROPERTY- DAMAGE-ONLY ACCIDENT),ROLL OVER,45.70734587,-110.4553604
C229262W,000+0.006,,PARK,June,2015,13:59,TUE,INTERSECTION,ON ROADWAY,CLEAR,DRY,DAYLIGHT,NON-INJURY ACCIDENT (PROPERTY- DAMAGE-ONLY ACCIDENT),RIGHT ANGLE,45.68779785,-110.5039981
C229262W,000+0.049,NOT IN CITY LIMITS,PARK,FEBRUARY,2017,20:30,TUE,ENTRANCE/EXIT RAMP,GORE,SNOW,ICE/FROST,DARK-LIGHTED,NON-INJURY ACCIDENT (PROPERTY- DAMAGE-ONLY ACCIDENT),FIXED OBJECT,45.68726242,-110.503528
C229265W,000+0.076,LIVINGSTON,PARK,February,2016,17:21,MON,ENTRANCE/EXIT RAMP,SHOULDER,CLEAR,DRY,DAYLIGHT,NON-INJURY ACCIDENT (PROPERTY- DAMAGE-ONLY ACCIDENT),ROLL OVER,45.64486,-110.5696
C229268W,000+0.007,NOT IN CITY LIMITS,PARK,JUNE,2017,1:30,MON,ENTRANCE/EXIT RAMP,ROADSIDE RIGHT,CLOUDY,DRY,DARK-NOT LIGHTED,NON-INCAPACITATING EVIDENT INJURY ACCIDENT,FIXED OBJECT,45.66273102,-110.7396943
C229268W,000+0.085,,PARK,November,2014,12:54,FRI,NON-JUNCTION,ROADSIDE RIGHT,SNOW,SNOW,DAYLIGHT,NON-INJURY ACCIDENT (PROPERTY- DAMAGE-ONLY ACCIDENT),FIXED OBJECT,45.66248167,-110.741325
C229268W,000+0.085,,PARK,November,2014,12:45,FRI,NON-JUNCTION,ROADSIDE RIGHT,SNOW,ICE/FROST,DAYLIGHT,NON-INJURY ACCIDENT (PROPERTY- DAMAGE-ONLY ACCIDENT),ROLL OVER,45.66243372,-110.7413891
C229268W,000+0.095,,PARK,May,2016,6:03,WED,NON-JUNCTION,ROADSIDE RIGHT,CLEAR,ICE/FROST,DAWN,NON-INJURY ACCIDENT (PROPERTY- DAMAGE-ONLY ACCIDENT),FIXED OBJECT,45.66241422,-110.7415453
C229268W,000+0.178,,PARK,July,2014,5:15,SAT,NON-JUNCTION,ROADSIDE RIGHT,CLEAR,WET,DAWN,NON-INJURY ACCIDENT (PROPERTY- DAMAGE-ONLY ACCIDENT),FIXED OBJECT,45.66218125,-110.743246
C229268W,000+0.202,,PARK,March,2016,20:11,MON,NON-JUNCTION,ROADSIDE RIGHT,CLEAR,ICE/FROST,DARK-NOT LIGHTED,NON-INJURY ACCIDENT (PROPERTY- DAMAGE-ONLY ACCIDENT),ROLL OVER,45.66213971,-110.7437686
C246832N,003+0.959,NOT IN CITY LIMITS,PARK,MAY,2017,16:15,WED,NON-JUNCTION,ROADSIDE RIGHT,SNOW,SNOW,DAYLIGHT,NON-INJURY ACCIDENT (PROPERTY- DAMAGE-ONLY ACCIDENT),FIXED OBJECT,45.52669581,-110.6993129
C246832N,007+0.128,,PARK,July,2014,6:15,SAT,NON-JUNCTION,SHOULDER,CLEAR,DRY,DAYLIGHT,INCAPACITATING INJURY ACCIDENT,ROLL OVER,45.55335925,-110.7464152
C246832N,007+0.394,,PARK,December,2016,11:30,WED,NON-JUNCTION,ON ROADWAY,CLEAR,SNOW,DAYLIGHT,NON-INCAPACITATING EVIDENT INJURY ACCIDENT,"SIDESWIPE, OPPOSITE DIRECTION",45.55495515,-110.7513272
C246832N,007+0.580,,PARK,July,2014,9:15,FRI,NON-JUNCTION,ON ROADWAY,CLOUDY,DRY,DAYLIGHT,NON-INJURY ACCIDENT (PROPERTY- DAMAGE-ONLY ACCIDENT),"SIDESWIPE, OPPOSITE DIRECTION",45.55631328,-110.7543997
C246832N,007+0.689,NOT IN CITY LIMITS,PARK,NOVEMBER,2017,13:15,WED,NON-JUNCTION,ROADSIDE LEFT,CLOUDY,ICE/FROST,DAYLIGHT,NON-INJURY ACCIDENT (PROPERTY- DAMAGE-ONLY ACCIDENT),ROLL OVER,45.55744767,-110.7559839
C246832N,010+0.543,,PARK,January,2016,11:46,TUE,NON-JUNCTION,ROADSIDE RIGHT,CLEAR,ICE/FROST,DAYLIGHT,NON-INJURY ACCIDENT (PROPERTY- DAMAGE-ONLY ACCIDENT),ROLL OVER,45.58357117,-110.7983578
C246844N,000+0.100,,PARK,October,2013,21:45,TUE,NON-JUNCTION,ROADSIDE RIGHT,CLOUDY,DRY,DARK-NOT LIGHTED,NON-INJURY ACCIDENT (PROPERTY- DAMAGE-ONLY ACCIDENT),ROLL OVER,45.66267167,-110.599095
C246852N,000+0.074,NOT IN CITY LIMITS,PARK,MARCH,2017,15:55,WED,NON-JUNCTION,ON ROADWAY,CLEAR,DRY,DAYLIGHT,NON-INJURY ACCIDENT (PROPERTY- DAMAGE-ONLY ACCIDENT),REAR TO SIDE,45.65864797,-110.5537315
C246855N,000+0.104,,PARK,August,2013,14:00,TUE,INTERSECTION-RELATED,ON ROADWAY,CLEAR,DRY,DAYLIGHT,NON-INJURY ACCIDENT (PROPERTY- DAMAGE-ONLY ACCIDENT),"LEFT TURN, OPPOSITE DIRECTION",45.65420016,-110.6091686
C246868N,000+0.078,NOT IN CITY LIMITS,PARK,SEPTEMBER,2017,19:20,FRI,NON-JUNCTION,ROADSIDE LEFT,CLEAR,DRY,DAYLIGHT,NON-INJURY ACCIDENT (PROPERTY- DAMAGE-ONLY ACCIDENT),FIXED OBJECT,45.65848628,-110.5534147